Unnamed: 0,event,fulldate,cov_all,grid_cell
2064,1,2015-11-18,0.0,543
2065,2,2016-01-27,0.25,543
2066,3,2016-12-07,0.0,543
2067,4,2017-01-25,0.75,543
2068,1,2015-11-24,0.33333333333333304,544
2069,2,2016-01-26,0.0,544
2070,3,2016-12-02,0.0333333333333333,544
2071,4,2017-01-25,0.4333333333333329,544
2200,1,2015-11-18,0.0333333333333333,579
2201,2,2016-01-20,0.1,579
2202,3,2016-12-10,0.0666666666666667,579
2203,4,2017-01-25,0.4666666666666671,579
2204,1,2015-11-11,0.0769230769230769,580
2205,2,2016-01-20,0.307692307692308,580
2206,3,2016-12-15,0.4615384615384621,580
2207,4,2017-01-25,0.0,580
2208,1,2015-11-20,0.7777777777777779,581
2209,2,2016-01-26,0.0,581
2210,3,2016-12-07,0.0,581
2211,4,2017-01-25,0.0,581
2212,1,2015-11-14,1.0,582
2213,2,2016-01-26,0.0,582
2214,3,2016-12-07,0.0,582
2215,4,2017-01-25,0.0,582
2324,1,2015-11-18,0.0,611
2325,2,2016-01-30,0.375,611
2326,3,2016-12-07,0.0,611
2327,4,2017-01-20,0.875,611
2328,1,2015-11-24,0.3529411764705879,612
2329,2,2016-01-30,0.147058823529412,612
2330,3,2016-12-15,0.25,612
2331,4,2017-01-20,0.5,612
2332,1,2015-11-11,0.305555555555556,613
2333,2,2016-01-26,0.138888888888889,613
2334,3,2016-12-03,0.25,613
2335,4,2017-01-20,0.6388888888888891,613
2416,1,2015-11-11,0.555555555555556,634
2417,2,2016-01-30,0.0,634
2418,3,2016-12-15,0.6111111111111109,634
2419,4,2017-01-20,0.444444444444444,634
2420,1,2015-11-11,0.606060606060606,635
2421,2,2016-01-20,0.181818181818182,635
2422,3,2016-12-03,0.454545454545455,635
2423,4,2017-01-20,0.363636363636364,635
2424,1,2015-11-11,0.375,636
2425,2,2016-01-20,0.125,636
2426,3,2016-12-10,0.375,636
2427,4,2017-01-25,0.0,636
2512,1,2015-11-18,0.0,658
2513,2,2016-01-26,0.0,658
2514,3,2016-12-06,1.0,658
2515,4,2017-01-17,0.7058823529411771,658
2516,1,2015-11-11,0.35,659
2517,2,2016-01-30,0.25,659
2518,3,2016-12-02,0.35,659
2519,4,2017-01-20,0.35,659
2520,1,2015-11-11,0.75,660
2521,2,2016-01-20,0.375,660
2522,3,2016-12-03,0.625,660
2523,4,2017-01-25,0.125,660
2524,1,2015-11-20,0.260869565217391,661
2525,2,2016-01-20,0.0,661
2526,3,2016-12-03,0.695652173913043,661
2527,4,2017-01-17,0.304347826086957,661
2528,1,2015-11-20,0.5,662
2529,2,2016-01-22,0.133333333333333,662
2530,3,2016-12-10,0.4666666666666671,662
2531,4,2017-01-17,0.3,662
2532,1,2015-11-13,0.586206896551724,663
2533,2,2016-01-22,0.36206896551724105,663
2534,3,2016-12-10,0.5,663
2535,4,2017-01-17,0.482758620689655,663
2536,1,2015-11-14,0.623931623931624,664
2537,2,2016-01-22,0.41880341880341904,664
2538,3,2016-12-05,0.4017094017094021,664
2539,4,2017-01-17,0.5042735042735039,664
2600,1,2015-11-11,0.585365853658537,681
2601,2,2016-01-20,0.463414634146341,681
2602,3,2016-12-07,0.5609756097560981,681
2603,4,2017-01-28,0.682926829268293,681
2604,1,2015-11-24,0.3412698412698409,682
2605,2,2016-01-20,0.19047619047619,682
2606,3,2016-12-06,0.444444444444444,682
2607,4,2017-01-17,0.468253968253968,682
2608,1,2015-11-18,0.0,683
2609,2,2016-01-26,0.0,683
2610,3,2016-12-06,0.5,683
2611,4,2017-01-17,0.33333333333333304,683
2612,1,2015-11-11,0.59375,684
2613,2,2016-01-20,0.4375,684
2614,3,2016-12-02,0.46875,684
2615,4,2017-01-25,0.5,684
2616,1,2015-11-11,0.517241379310345,685
2617,2,2016-01-20,0.155172413793103,685
2618,3,2016-12-03,0.36206896551724105,685
2619,4,2017-01-20,0.18965517241379296,685
2620,1,2015-11-12,0.39130434782608703,686
2621,2,2016-01-20,0.130434782608696,686
2622,3,2016-12-03,0.0869565217391304,686
2623,4,2017-01-25,0.304347826086957,686
2624,1,2015-11-20,0.8,687
2625,2,2016-01-22,0.33333333333333304,687
2626,3,2016-12-05,0.8,687
2627,4,2017-01-17,0.4666666666666671,687
2628,1,2015-11-13,0.51685393258427,688
2629,2,2016-01-22,0.337078651685393,688
2630,3,2016-12-05,0.50561797752809,688
2631,4,2017-01-21,0.3820224719101121,688
2632,1,2015-11-13,0.510204081632653,689
2633,2,2016-01-22,0.411078717201166,689
2634,3,2016-12-05,0.542274052478134,689
2635,4,2017-01-17,0.498542274052478,689
2640,1,2015-11-10,0.666666666666667,691
2641,2,2016-01-19,0.266666666666667,691
2642,3,2016-12-14,0.25,691
2643,4,2017-01-26,0.3,691
2644,1,2015-11-10,0.42857142857142894,692
2645,2,2016-01-19,0.420634920634921,692
2646,3,2016-12-14,0.555555555555556,692
2647,4,2017-01-25,0.523809523809524,692
2676,1,2015-11-24,0.127659574468085,701
2677,2,2016-01-23,0.290780141843972,701
2678,3,2016-12-06,0.425531914893617,701
2679,4,2017-01-21,0.432624113475177,701
2680,1,2015-11-24,0.0434782608695652,702
2681,2,2016-01-20,0.565217391304348,702
2682,3,2016-12-10,0.21739130434782605,702
2683,4,2017-01-17,0.4782608695652171,702
2684,1,2015-11-11,0.457446808510638,703
2685,2,2016-01-20,0.382978723404255,703
2686,3,2016-12-03,0.382978723404255,703
2687,4,2017-01-20,0.382978723404255,703
2688,1,2015-11-11,0.5,704
2689,2,2016-01-20,0.5,704
2690,3,2016-12-02,0.166666666666667,704
2691,4,2017-01-25,0.0,704
2692,1,2015-11-18,0.666666666666667,705
2693,2,2016-01-26,0.833333333333333,705
2694,3,2016-12-05,0.666666666666667,705
2695,4,2017-01-21,0.666666666666667,705
2696,1,2015-11-13,0.583333333333333,706
2697,2,2016-01-30,0.4166666666666671,706
2698,3,2016-12-05,0.666666666666667,706
2699,4,2017-01-17,0.75,706
2700,1,2015-11-23,0.33333333333333304,707
2701,2,2016-02-02,0.384615384615385,707
2702,3,2016-12-15,0.538461538461538,707
2703,4,2017-01-26,0.41025641025641,707
2704,1,2015-11-10,0.3666666666666671,708
2705,2,2016-01-29,0.166666666666667,708
2706,3,2016-12-14,0.3,708
2707,4,2017-01-25,0.346666666666667,708
2708,1,2015-11-10,0.5028571428571429,709
2709,2,2016-01-19,0.314285714285714,709
2710,3,2016-12-14,0.5028571428571429,709
2711,4,2017-01-25,0.3771428571428571,709
2712,1,2015-11-10,0.696969696969697,710
2713,2,2016-01-19,0.5606060606060611,710
2714,3,2016-12-17,0.6515151515151509,710
2715,4,2017-01-26,0.7575757575757579,710
2740,1,2015-11-12,0.411764705882353,717
2741,2,2016-01-21,0.411764705882353,717
2742,3,2016-12-05,0.411764705882353,717
2743,4,2017-01-17,0.3529411764705879,717
2744,1,2015-11-12,0.461038961038961,718
2745,2,2016-01-21,0.266233766233766,718
2746,3,2016-12-05,0.298701298701299,718
2747,4,2017-01-17,0.305194805194805,718
2748,1,2015-11-12,0.17391304347826098,719
2749,2,2016-01-21,0.17391304347826098,719
2750,3,2016-12-05,0.369565217391304,719
2751,4,2017-01-24,0.304347826086957,719
2752,1,2015-11-11,0.48868778280543,720
2753,2,2016-01-20,0.384615384615385,720
2754,3,2016-12-06,0.411764705882353,720
2755,4,2017-01-21,0.46606334841629,720
2756,1,2015-11-11,0.469879518072289,721
2757,2,2016-01-20,0.3493975903614461,721
2758,3,2016-12-06,0.5060240963855421,721
2759,4,2017-01-17,0.518072289156627,721
2760,1,2015-11-24,0.313253012048193,722
2761,2,2016-01-20,0.313253012048193,722
2762,3,2016-12-05,0.265060240963855,722
2763,4,2017-01-21,0.36144578313253,722
2764,1,2015-11-14,0.34285714285714297,723
2765,2,2016-01-26,0.0285714285714286,723
2766,3,2016-12-07,0.0,723
2767,4,2017-01-23,0.0285714285714286,723
2768,1,2015-11-14,0.491071428571429,724
2769,2,2016-01-22,0.3571428571428571,724
2770,3,2016-12-14,0.5,724
2771,4,2017-01-26,0.3125,724
2772,1,2015-11-10,0.204301075268817,725
2773,2,2016-01-22,0.139784946236559,725
2774,3,2016-12-17,0.376344086021505,725
2775,4,2017-01-26,0.602150537634409,725
2792,1,2015-11-12,0.545454545454545,730
2793,2,2016-01-21,0.424242424242424,730
2794,3,2016-12-05,0.606060606060606,730
2795,4,2017-01-17,0.363636363636364,730
2796,1,2015-11-12,0.48502994011976,731
2797,2,2016-01-21,0.167664670658683,731
2798,3,2016-12-05,0.341317365269461,731
2799,4,2017-01-17,0.323353293413174,731
2800,1,2015-11-11,0.444444444444444,732
2801,2,2016-01-20,0.148148148148148,732
2802,3,2016-12-05,0.481481481481481,732
2803,4,2017-01-19,0.33333333333333304,732
2804,1,2015-11-11,0.602409638554217,733
2805,2,2016-01-20,0.2530120481927711,733
2806,3,2016-12-10,0.19277108433734905,733
2807,4,2017-01-21,0.5060240963855421,733
2808,1,2015-11-11,0.538461538461538,734
2809,2,2016-01-19,0.153846153846154,734
2810,3,2016-12-10,0.384615384615385,734
2811,4,2017-01-21,0.6923076923076921,734
2812,1,2015-11-15,0.5,735
2813,2,2016-02-01,0.277777777777778,735
2814,3,2016-12-14,0.222222222222222,735
2815,4,2017-01-26,0.0555555555555556,735
2816,1,2015-11-14,0.426829268292683,736
2817,2,2016-01-23,0.304878048780488,736
2818,3,2016-12-10,0.41463414634146295,736
2819,4,2017-01-17,0.365853658536585,736
2820,1,2015-11-11,0.505050505050505,737
2821,2,2016-01-30,0.323232323232323,737
2822,3,2016-12-05,0.353535353535354,737
2823,4,2017-01-17,0.232323232323232,737
2824,1,2015-11-14,0.393939393939394,738
2825,2,2016-01-23,0.25252525252525304,738
2826,3,2016-12-16,0.33333333333333304,738
2827,4,2017-01-21,0.26262626262626304,738
2828,1,2015-11-23,0.5187969924812029,739
2829,2,2016-01-22,0.300751879699248,739
2830,3,2016-12-15,0.17293233082706794,739
2831,4,2017-01-26,0.255639097744361,739
2832,1,2015-11-23,0.3972602739726029,740
2833,2,2016-01-19,0.301369863013699,740
2834,3,2016-12-15,0.410958904109589,740
2835,4,2017-01-25,0.438356164383562,740
2836,1,2015-11-23,0.538461538461538,741
2837,2,2016-01-19,0.0,741
2838,3,2016-12-15,0.384615384615385,741
2839,4,2017-01-25,0.307692307692308,741
2844,1,2015-11-18,0.0,744
2845,2,2016-02-04,0.17647058823529396,744
2846,3,2016-12-05,0.3529411764705879,744
2847,4,2017-01-20,0.294117647058824,744
2848,1,2015-11-18,0.0,745
2849,2,2016-02-04,0.235294117647059,745
2850,3,2016-12-05,0.264705882352941,745
2851,4,2017-01-24,0.3529411764705879,745
2868,1,2015-11-18,0.0,750
2869,2,2016-01-26,0.0,750
2870,3,2016-12-03,0.857142857142857,750
2871,4,2017-01-20,0.14285714285714302,750
2872,1,2015-11-20,0.3921568627450979,751
2873,2,2016-01-19,0.294117647058824,751
2874,3,2016-12-14,0.3725490196078429,751
2875,4,2017-01-25,0.558823529411765,751
2876,1,2015-11-10,0.30172413793103403,752
2877,2,2016-01-19,0.18103448275862105,752
2878,3,2016-12-14,0.379310344827586,752
2879,4,2017-01-26,0.422413793103448,752
2880,1,2015-11-12,0.375886524822695,753
2881,2,2016-01-29,0.33333333333333304,753
2882,3,2016-12-14,0.382978723404255,753
2883,4,2017-01-25,0.439716312056738,753
2884,1,2015-11-11,0.409302325581395,754
2885,2,2016-01-20,0.176744186046512,754
2886,3,2016-12-05,0.4186046511627911,754
2887,4,2017-01-18,0.288372093023256,754
2888,1,2015-11-11,0.5333333333333329,755
2889,2,2016-01-20,0.314285714285714,755
2890,3,2016-12-05,0.523809523809524,755
2891,4,2017-01-17,0.447619047619048,755
2892,1,2015-11-10,0.41401273885350304,756
2893,2,2016-01-22,0.4012738853503181,756
2894,3,2016-12-14,0.464968152866242,756
2895,4,2017-01-25,0.464968152866242,756
2896,1,2015-11-10,0.419354838709677,757
2897,2,2016-01-22,0.4516129032258061,757
2898,3,2016-12-14,0.435483870967742,757
2899,4,2017-01-26,0.403225806451613,757
2900,1,2015-11-23,0.0,758
2901,2,2016-01-19,0.8,758
2902,3,2016-12-15,0.9,758
2903,4,2017-01-26,0.5,758
2904,1,2015-11-23,0.0625,759
2905,2,2016-01-30,0.1875,759
2906,3,2016-12-20,0.25,759
2907,4,2017-01-25,0.125,759
2908,1,2015-11-16,0.14285714285714302,760
2909,2,2016-01-26,0.0,760
2910,3,2016-12-07,0.42857142857142894,760
2911,4,2017-02-01,0.42857142857142894,760
2912,1,2015-11-17,0.40625,761
2913,2,2016-01-19,0.15625,761
2914,3,2016-12-07,0.34375,761
2915,4,2017-01-21,0.375,761
2924,1,2015-11-24,0.364406779661017,764
2925,2,2016-01-29,0.110169491525424,764
2926,3,2016-12-07,0.37288135593220295,764
2927,4,2017-01-24,0.338983050847458,764
2928,1,2015-11-12,0.1,765
2929,2,2016-01-21,0.5333333333333329,765
2930,3,2016-12-02,0.666666666666667,765
2931,4,2017-01-20,0.766666666666667,765
2932,1,2015-11-12,0.479452054794521,766
2933,2,2016-01-21,0.301369863013699,766
2934,3,2016-12-02,0.410958904109589,766
2935,4,2017-01-19,0.32876712328767105,766
2936,1,2015-11-12,0.4516129032258061,767
2937,2,2016-01-21,0.32597623089983,767
2938,3,2016-12-05,0.390492359932088,767
2939,4,2017-01-17,0.4567062818336161,767
2940,1,2015-11-12,0.454545454545455,768
2941,2,2016-01-21,0.363636363636364,768
2942,3,2016-12-10,0.15151515151515196,768
2943,4,2017-01-24,0.484848484848485,768
2944,1,2015-11-10,0.451048951048951,769
2945,2,2016-01-19,0.293706293706294,769
2946,3,2016-12-14,0.370629370629371,769
2947,4,2017-01-25,0.36013986013986,769
2948,1,2015-11-10,0.45361875637105,770
2949,2,2016-01-19,0.27217125382263,770
2950,3,2016-12-14,0.359836901121305,770
2951,4,2017-01-26,0.406727828746177,770
2952,1,2015-11-10,0.457540263543192,771
2953,2,2016-01-19,0.263543191800878,771
2954,3,2016-12-14,0.337481698389458,771
2955,4,2017-01-25,0.34407027818448,771
2956,1,2015-11-09,0.3744292237442921,772
2957,2,2016-01-18,0.264840182648402,772
2958,3,2016-12-12,0.3744292237442921,772
2959,4,2017-01-24,0.401826484018265,772
2960,1,2015-11-18,0.0,773
2961,2,2016-01-26,1.0,773
2962,3,2016-12-13,0.5,773
2963,4,2017-01-25,0.0,773
2964,1,2015-11-18,0.0,774
2965,2,2016-01-30,0.5,774
2966,3,2016-12-07,0.0,774
2967,4,2017-01-25,0.5,774
2968,1,2015-11-16,0.6,775
2969,2,2016-01-26,0.0,775
2970,3,2016-12-07,0.0,775
2971,4,2017-01-25,0.0,775
2972,1,2015-11-16,0.35,776
2973,2,2016-01-25,0.25,776
2974,3,2016-12-20,0.45,776
2975,4,2017-02-08,0.05,776
2976,1,2015-11-16,0.46969696969697,777
2977,2,2016-01-25,0.287878787878788,777
2978,3,2016-12-07,0.37878787878787895,777
2979,4,2017-01-21,0.46969696969697,777
2980,1,2015-11-18,0.0,778
2981,2,2016-01-26,0.0,778
2982,3,2016-12-07,0.5,778
2983,4,2017-02-01,1.0,778
2984,1,2015-11-17,0.42857142857142894,779
2985,2,2016-01-25,0.28571428571428603,779
2986,3,2016-12-10,0.3571428571428571,779
2987,4,2017-01-20,0.42857142857142894,779
2988,1,2015-11-18,0.0,780
2989,2,2016-01-26,0.0,780
2990,3,2016-12-10,0.33333333333333304,780
2991,4,2017-01-25,0.0,780
2992,1,2015-11-16,0.11764705882352902,781
2993,2,2016-01-26,0.0,781
2994,3,2016-12-17,0.529411764705882,781
2995,4,2017-01-21,0.470588235294118,781
2996,1,2015-11-12,0.0833333333333333,782
2997,2,2016-01-26,0.0,782
2998,3,2016-12-17,0.166666666666667,782
2999,4,2017-01-20,0.4166666666666671,782
3000,1,2015-11-18,0.0909090909090909,783
3001,2,2016-01-26,0.0,783
3002,3,2016-12-07,0.0909090909090909,783
3003,4,2017-01-24,0.181818181818182,783
3004,1,2015-11-12,0.40625,784
3005,2,2016-01-21,0.3125,784
3006,3,2016-12-03,0.3625,784
3007,4,2017-01-19,0.26875,784
3008,1,2015-11-12,0.157894736842105,785
3009,2,2016-01-21,0.0,785
3010,3,2016-12-03,0.29824561403508804,785
3011,4,2017-01-19,0.175438596491228,785
3012,1,2015-11-24,0.27891156462585,786
3013,2,2016-01-21,0.156462585034014,786
3014,3,2016-12-02,0.3673469387755101,786
3015,4,2017-01-20,0.27891156462585,786
3016,1,2015-11-12,0.4175824175824179,787
3017,2,2016-01-21,0.28571428571428603,787
3018,3,2016-12-02,0.472527472527473,787
3019,4,2017-01-20,0.494505494505495,787
3020,1,2015-11-12,0.29032258064516103,788
3021,2,2016-01-21,0.301075268817204,788
3022,3,2016-12-02,0.4838709677419351,788
3023,4,2017-01-20,0.4838709677419351,788
3024,1,2015-11-10,0.4141689373297,789
3025,2,2016-01-18,0.196185286103542,789
3026,3,2016-12-13,0.204359673024523,789
3027,4,2017-01-26,0.37602179836512295,789
3028,1,2015-11-10,0.491383437051221,790
3029,2,2016-01-19,0.21637146960268105,790
3030,3,2016-12-13,0.264480612733365,790
3031,4,2017-01-24,0.336045955002393,790
3032,1,2015-11-09,0.42667299477930704,791
3033,2,2016-01-19,0.256763170384433,791
3034,3,2016-12-12,0.3284290460370189,791
3035,4,2017-01-24,0.338870431893688,791
3036,1,2015-11-13,0.406214039125432,792
3037,2,2016-01-22,0.26006904487917104,792
3038,3,2016-12-12,0.330264672036824,792
3039,4,2017-01-23,0.315304948216341,792
3040,1,2015-11-10,0.492957746478873,793
3041,2,2016-01-19,0.35211267605633795,793
3042,3,2016-12-20,0.119718309859155,793
3043,4,2017-01-25,0.30281690140845097,793
3044,1,2015-11-10,0.8461538461538459,794
3045,2,2016-01-19,0.4615384615384621,794
3046,3,2016-12-13,0.0769230769230769,794
3047,4,2017-01-25,0.307692307692308,794
3048,1,2015-11-10,0.153846153846154,795
3049,2,2016-02-04,0.153846153846154,795
3050,3,2016-12-15,0.384615384615385,795
3051,4,2017-01-25,0.384615384615385,795
3052,1,2015-11-18,0.0,796
3053,2,2016-01-26,0.0,796
3054,3,2016-12-07,0.0,796
3055,4,2017-01-25,0.33333333333333304,796
3056,1,2015-11-23,1.0,797
3057,2,2016-01-26,0.0,797
3058,3,2016-12-07,0.0,797
3059,4,2017-01-25,0.0,797
3060,1,2015-11-23,1.0,798
3061,2,2016-01-26,0.0,798
3062,3,2016-12-07,0.0,798
3063,4,2017-01-25,0.0,798
3064,1,2015-11-11,0.3928571428571429,799
3065,2,2016-01-30,0.5714285714285711,799
3066,3,2016-12-05,0.464285714285714,799
3067,4,2017-01-25,0.14285714285714302,799
3068,1,2015-11-18,0.0,800
3069,2,2016-01-26,0.0,800
3070,3,2016-12-07,0.0,800
3071,4,2017-01-26,0.5714285714285711,800
3072,1,2015-11-16,0.34375,801
3073,2,2016-01-25,0.1875,801
3074,3,2016-12-07,0.3125,801
3075,4,2017-02-01,0.46875,801
3076,1,2015-11-17,0.4615384615384621,802
3077,2,2016-01-26,0.0,802
3078,3,2016-12-07,0.0,802
3079,4,2017-02-06,0.538461538461538,802
3080,1,2015-11-16,0.14285714285714302,803
3081,2,2016-01-26,0.14285714285714302,803
3082,3,2016-12-07,0.5714285714285711,803
3083,4,2017-01-25,0.0,803
3084,1,2015-11-16,0.3571428571428571,804
3085,2,2016-01-26,0.25,804
3086,3,2016-12-08,0.3928571428571429,804
3087,4,2017-01-21,0.0714285714285714,804
3088,1,2015-11-17,0.188679245283019,805
3089,2,2016-01-25,0.0754716981132075,805
3090,3,2016-12-07,0.169811320754717,805
3091,4,2017-01-20,0.339622641509434,805
3092,1,2015-11-25,1.0,806
3093,2,2016-01-26,0.0,806
3094,3,2016-12-07,0.0,806
3095,4,2017-01-25,0.0,806
3096,1,2015-11-18,0.125,807
3097,2,2016-01-26,0.0,807
3098,3,2016-12-06,0.25,807
3099,4,2017-01-21,0.25,807
3100,1,2015-11-17,0.340909090909091,808
3101,2,2016-02-02,0.113636363636364,808
3102,3,2016-12-06,0.409090909090909,808
3103,4,2017-01-21,0.545454545454545,808
3108,1,2015-11-18,0.384615384615385,810
3109,2,2016-01-26,0.0,810
3110,3,2016-12-03,0.615384615384615,810
3111,4,2017-01-25,0.0,810
3112,1,2015-11-24,0.538461538461538,811
3113,2,2016-01-21,0.538461538461538,811
3114,3,2016-12-02,0.615384615384615,811
3115,4,2017-01-20,0.6923076923076921,811
3116,1,2015-11-12,1.0,812
3117,2,2016-01-26,0.0,812
3118,3,2016-12-07,0.0,812
3119,4,2017-01-25,0.0,812
3120,1,2015-11-12,0.447368421052632,813
3121,2,2016-02-01,0.263157894736842,813
3122,3,2016-12-03,0.263157894736842,813
3123,4,2017-01-26,0.34210526315789497,813
3124,1,2015-11-12,0.40566037735849103,814
3125,2,2016-01-21,0.290094339622642,814
3126,3,2016-12-03,0.3938679245283021,814
3127,4,2017-01-21,0.476415094339623,814
3128,1,2015-11-24,0.3571428571428571,815
3129,2,2016-01-21,0.330357142857143,815
3130,3,2016-12-03,0.34821428571428603,815
3131,4,2017-01-21,0.495535714285714,815
3132,1,2015-11-10,0.421216407355021,816
3133,2,2016-01-19,0.23988684582744,816
3134,3,2016-12-14,0.32107496463932106,816
3135,4,2017-01-25,0.327864214992928,816
3136,1,2015-11-09,0.441919191919192,817
3137,2,2016-01-22,0.297348484848485,817
3138,3,2016-12-12,0.334280303030303,817
3139,4,2017-01-23,0.334280303030303,817
3140,1,2015-11-09,0.471285323609845,818
3141,2,2016-01-22,0.2634457611668189,818
3142,3,2016-12-12,0.316317228805834,818
3143,4,2017-01-24,0.397447584320875,818
3144,1,2015-11-10,0.392694063926941,819
3145,2,2016-01-19,0.360730593607306,819
3146,3,2016-12-13,0.392694063926941,819
3147,4,2017-01-25,0.45662100456621,819
3148,1,2015-11-10,0.5544554455445551,820
3149,2,2016-02-01,0.376237623762376,820
3150,3,2016-12-13,0.30693069306930704,820
3151,4,2017-01-25,0.35643564356435603,820
3152,1,2015-11-23,0.75,821
3153,2,2016-02-04,0.4166666666666671,821
3154,3,2016-12-15,0.833333333333333,821
3155,4,2017-01-25,0.5,821
3156,1,2015-11-18,0.75,822
3157,2,2016-01-22,0.5,822
3158,3,2016-12-10,0.75,822
3159,4,2017-01-31,0.5,822
3160,1,2015-11-12,0.45,823
3161,2,2016-01-22,0.5,823
3162,3,2016-12-20,0.35,823
3163,4,2017-01-31,0.2,823
3164,1,2015-11-11,0.538461538461538,824
3165,2,2016-01-30,0.179487179487179,824
3166,3,2016-12-05,0.25641025641025605,824
3167,4,2017-01-31,0.23076923076923106,824
3168,1,2015-11-11,0.75,825
3169,2,2016-01-30,0.25,825
3170,3,2016-12-05,0.75,825
3171,4,2017-01-25,0.0,825
3172,1,2015-11-16,0.526315789473684,826
3173,2,2016-01-26,0.421052631578947,826
3174,3,2016-12-17,0.473684210526316,826
3175,4,2017-02-08,0.157894736842105,826
3176,1,2015-11-16,0.8,827
3177,2,2016-01-26,0.4,827
3178,3,2016-12-17,0.4,827
3179,4,2017-01-25,0.0,827
3180,1,2015-11-18,0.0,828
3181,2,2016-01-26,0.0,828
3182,3,2016-12-10,0.0,828
3183,4,2017-01-25,0.0,828
3184,1,2015-11-18,0.0,829
3185,2,2016-01-26,0.0,829
3186,3,2016-12-07,0.33333333333333304,829
3187,4,2017-02-01,0.33333333333333304,829
3188,1,2015-11-17,0.666666666666667,831
3189,2,2016-01-26,0.5,831
3190,3,2016-12-07,0.0,831
3191,4,2017-01-25,0.0,831
3192,1,2015-11-17,0.393939393939394,832
3193,2,2016-01-25,0.393939393939394,832
3194,3,2016-12-07,0.212121212121212,832
3195,4,2017-01-20,0.272727272727273,832
3196,1,2015-11-25,0.289940828402367,833
3197,2,2016-01-25,0.0887573964497041,833
3198,3,2016-12-06,0.366863905325444,833
3199,4,2017-01-20,0.36094674556213,833
3200,1,2015-11-18,0.111111111111111,834
3201,2,2016-01-25,0.111111111111111,834
3202,3,2016-12-06,0.444444444444444,834
3203,4,2017-01-20,0.37037037037037,834
3240,1,2015-11-11,1.0,846
3241,2,2016-01-26,0.14285714285714302,846
3242,3,2016-12-02,1.0,846
3243,4,2017-01-20,1.0,846
3244,1,2015-11-12,0.354838709677419,847
3245,2,2016-02-02,0.193548387096774,847
3246,3,2016-12-02,0.338709677419355,847
3247,4,2017-01-20,0.266129032258065,847
3248,1,2015-11-12,0.41538461538461496,848
3249,2,2016-01-30,0.369230769230769,848
3250,3,2016-12-02,0.29230769230769205,848
3251,4,2017-01-21,0.384615384615385,848
3252,1,2015-11-12,0.3170731707317069,849
3253,2,2016-02-02,0.17073170731707302,849
3254,3,2016-12-03,0.21951219512195105,849
3255,4,2017-01-21,0.292682926829268,849
3256,1,2015-11-12,0.4052083333333329,850
3257,2,2016-01-21,0.282291666666667,850
3258,3,2016-12-03,0.43958333333333294,850
3259,4,2017-01-20,0.421875,850
3260,1,2015-11-14,0.442896935933148,851
3261,2,2016-01-23,0.298050139275766,851
3262,3,2016-12-03,0.362116991643454,851
3263,4,2017-01-21,0.373259052924791,851
3264,1,2015-11-10,0.43195020746888,852
3265,2,2016-01-19,0.277593360995851,852
3266,3,2016-12-14,0.33900414937759304,852
3267,4,2017-01-25,0.32863070539419104,852
3268,1,2015-11-10,0.4158474828716121,853
3269,2,2016-01-19,0.288650580875782,853
3270,3,2016-12-13,0.342269883824844,853
3271,4,2017-01-25,0.355376824545725,853
3272,1,2015-11-11,0.41038062283737,854
3273,2,2016-01-22,0.29550173010380604,854
3274,3,2016-12-12,0.413840830449827,854
3275,4,2017-01-23,0.401384083044983,854
3276,1,2015-11-11,0.342383107088989,855
3277,2,2016-01-23,0.22473604826546,855
3278,3,2016-12-03,0.34841628959276,855
3279,4,2017-01-24,0.33936651583710403,855
3280,1,2015-11-10,0.451219512195122,856
3281,2,2016-02-01,0.17682926829268306,856
3282,3,2016-12-13,0.323170731707317,856
3283,4,2017-01-25,0.310975609756098,856
3284,1,2015-11-11,0.5428571428571429,857
3285,2,2016-02-01,0.2,857
3286,3,2016-12-07,0.0,857
3287,4,2017-01-25,0.0,857
3288,1,2015-11-11,0.422535211267606,858
3289,2,2016-01-22,0.22535211267605604,858
3290,3,2016-12-05,0.38028169014084495,858
3291,4,2017-01-31,0.0985915492957746,858
3292,1,2015-11-11,0.508474576271186,859
3293,2,2016-01-30,0.474576271186441,859
3294,3,2016-12-05,0.457627118644068,859
3295,4,2017-01-31,0.610169491525424,859
3296,1,2015-11-11,0.3,860
3297,2,2016-01-20,0.3,860
3298,3,2016-12-07,0.0,860
3299,4,2017-01-25,0.0,860
3300,1,2015-11-18,0.222222222222222,861
3301,2,2016-01-30,0.111111111111111,861
3302,3,2016-12-10,0.555555555555556,861
3303,4,2017-01-25,0.0,861
3304,1,2015-11-18,1.0,862
3305,2,2016-01-20,0.0,862
3306,3,2016-12-05,1.0,862
3307,4,2017-01-25,0.0,862
3308,1,2015-11-16,0.578947368421053,863
3309,2,2016-01-26,0.421052631578947,863
3310,3,2016-12-16,0.0526315789473684,863
3311,4,2017-01-19,0.578947368421053,863
3312,1,2015-11-18,0.0,864
3313,2,2016-01-26,0.0,864
3314,3,2016-12-06,1.0,864
3315,4,2017-02-06,0.2,864
3316,1,2015-11-16,0.5,865
3317,2,2016-01-25,0.33333333333333304,865
3318,3,2016-12-10,0.666666666666667,865
3319,4,2017-01-18,0.166666666666667,865
3320,1,2015-11-16,0.172413793103448,866
3321,2,2016-01-25,0.27586206896551696,866
3322,3,2016-12-06,0.5517241379310339,866
3323,4,2017-01-21,0.517241379310345,866
3324,1,2015-11-16,0.25,867
3325,2,2016-01-26,0.0,867
3326,3,2016-12-06,0.5,867
3327,4,2017-01-20,0.25,867
3328,1,2015-11-16,0.375,868
3329,2,2016-01-26,0.0,868
3330,3,2016-12-07,0.33333333333333304,868
3331,4,2017-01-20,0.208333333333333,868
3332,1,2015-11-18,0.153846153846154,869
3333,2,2016-01-26,0.0,869
3334,3,2016-12-06,0.384615384615385,869
3335,4,2017-01-20,0.23076923076923106,869
3336,1,2015-11-16,0.28,870
3337,2,2016-01-25,0.44,870
3338,3,2016-12-06,0.52,870
3339,4,2017-01-19,0.04,870
3340,1,2015-11-18,0.0,871
3341,2,2016-01-25,0.5,871
3342,3,2016-12-06,0.5,871
3343,4,2017-01-25,0.0,871
3344,1,2015-11-18,0.0,872
3345,2,2016-01-26,0.0,872
3346,3,2016-12-08,1.0,872
3347,4,2017-01-25,0.0,872
3348,1,2015-11-18,0.0,873
3349,2,2016-01-26,0.0,873
3350,3,2016-12-07,0.0,873
3351,4,2017-01-25,0.0,873
3352,1,2015-11-17,0.294117647058824,874
3353,2,2016-01-26,0.0,874
3354,3,2016-12-07,0.17647058823529396,874
3355,4,2017-02-01,0.17647058823529396,874
3356,1,2015-11-18,0.0,875
3357,2,2016-01-26,0.0,875
3358,3,2016-12-07,1.0,875
3359,4,2017-01-25,0.0,875
3412,1,2015-11-11,0.4121621621621621,889
3413,2,2016-01-20,0.27027027027027,889
3414,3,2016-12-03,0.364864864864865,889
3415,4,2017-01-21,0.364864864864865,889
3416,1,2015-11-12,0.5254237288135589,890
3417,2,2016-01-20,0.305084745762712,890
3418,3,2016-12-02,0.467796610169492,890
3419,4,2017-01-21,0.396610169491525,890
3420,1,2015-11-11,0.4666666666666671,891
3421,2,2016-01-20,0.276190476190476,891
3422,3,2016-12-02,0.438095238095238,891
3423,4,2017-01-21,0.361904761904762,891
3424,1,2015-11-11,0.4402356902356901,892
3425,2,2016-01-20,0.278619528619529,892
3426,3,2016-12-03,0.407407407407407,892
3427,4,2017-01-20,0.414141414141414,892
3428,1,2015-11-11,0.498891352549889,893
3429,2,2016-01-20,0.297117516629712,893
3430,3,2016-12-03,0.391352549889135,893
3431,4,2017-01-20,0.365853658536585,893
3432,1,2015-11-10,0.36,894
3433,2,2016-01-19,0.6,894
3434,3,2016-12-14,0.64,894
3435,4,2017-01-25,0.72,894
3436,1,2015-11-26,0.0,895
3437,2,2016-01-26,0.1,895
3438,3,2016-12-14,0.2,895
3439,4,2017-01-21,0.3,895
3440,1,2015-11-14,0.155555555555556,896
3441,2,2016-01-20,0.0444444444444444,896
3442,3,2016-12-03,0.5111111111111111,896
3443,4,2017-01-17,0.422222222222222,896
3444,1,2015-11-11,0.24,897
3445,2,2016-01-30,0.36,897
3446,3,2016-12-10,0.6,897
3447,4,2017-01-21,0.28,897
3448,1,2015-11-11,0.34482758620689696,898
3449,2,2016-01-21,0.25,898
3450,3,2016-12-10,0.26724137931034503,898
3451,4,2017-01-18,0.224137931034483,898
3452,1,2015-11-11,0.3611111111111111,899
3453,2,2016-01-20,0.4166666666666671,899
3454,3,2016-12-10,0.19444444444444395,899
3455,4,2017-01-18,0.222222222222222,899
3456,1,2015-11-20,0.3797468354430379,900
3457,2,2016-01-29,0.3797468354430379,900
3458,3,2016-12-14,0.4556962025316459,900
3459,4,2017-01-28,0.518987341772152,900
3460,1,2015-11-14,0.5135135135135129,901
3461,2,2016-01-30,0.189189189189189,901
3462,3,2016-12-14,0.432432432432432,901
3463,4,2017-01-28,0.351351351351351,901
3464,1,2015-11-11,0.33333333333333304,902
3465,2,2016-01-20,0.29166666666666696,902
3466,3,2016-12-10,0.29166666666666696,902
3467,4,2017-01-28,0.166666666666667,902
3468,1,2015-11-11,0.214285714285714,903
3469,2,2016-01-20,0.14285714285714302,903
3470,3,2016-12-10,0.0714285714285714,903
3471,4,2017-01-24,0.14285714285714302,903
3472,1,2015-11-11,0.33333333333333304,904
3473,2,2016-01-26,0.0,904
3474,3,2016-12-05,0.33333333333333304,904
3475,4,2017-02-07,0.166666666666667,904
3476,1,2015-11-16,0.3571428571428571,905
3477,2,2016-01-25,0.0952380952380952,905
3478,3,2016-12-06,0.30952380952381,905
3479,4,2017-01-19,0.23809523809523805,905
3480,1,2015-11-16,0.025,906
3481,2,2016-01-26,0.0,906
3482,3,2016-12-06,0.525,906
3483,4,2017-01-19,0.425,906
3484,1,2015-11-16,0.681818181818182,907
3485,2,2016-01-25,0.545454545454545,907
3486,3,2016-12-07,0.5,907
3487,4,2017-02-06,0.6363636363636359,907
3488,1,2015-11-16,0.33333333333333304,908
3489,2,2016-01-26,0.0,908
3490,3,2016-12-06,0.33333333333333304,908
3491,4,2017-02-06,0.33333333333333304,908
3492,1,2015-11-16,0.473684210526316,909
3493,2,2016-01-25,0.210526315789474,909
3494,3,2016-12-10,0.473684210526316,909
3495,4,2017-01-21,0.368421052631579,909
3496,1,2015-11-16,0.157894736842105,910
3497,2,2016-01-25,0.228070175438596,910
3498,3,2016-12-07,0.4385964912280701,910
3499,4,2017-02-06,0.4035087719298249,910
3500,1,2015-11-16,0.4385964912280701,911
3501,2,2016-01-25,0.228070175438596,911
3502,3,2016-12-06,0.508771929824561,911
3503,4,2017-01-20,0.228070175438596,911
3504,1,2015-11-18,0.0,912
3505,2,2016-01-26,0.0,912
3506,3,2016-12-07,0.0,912
3507,4,2017-01-20,0.5714285714285711,912
3508,1,2015-11-18,0.0,913
3509,2,2016-01-26,0.0,913
3510,3,2016-12-07,0.0,913
3511,4,2017-01-25,0.0,913
3512,1,2015-11-16,0.5,914
3513,2,2016-01-26,0.0,914
3514,3,2016-12-07,0.125,914
3515,4,2017-01-25,0.0,914
3516,1,2015-11-18,0.0,915
3517,2,2016-01-26,0.0,915
3518,3,2016-12-08,0.833333333333333,915
3519,4,2017-02-06,0.33333333333333304,915
3520,1,2015-11-25,1.0,916
3521,2,2016-01-26,0.5,916
3522,3,2016-12-07,0.0,916
3523,4,2017-01-25,0.0,916
3524,1,2015-11-17,0.40506329113924,917
3525,2,2016-02-02,0.0506329113924051,917
3526,3,2016-12-06,0.278481012658228,917
3527,4,2017-01-20,0.4556962025316459,917
3568,1,2015-11-24,0.337078651685393,929
3569,2,2016-01-23,0.168539325842697,929
3570,3,2016-12-03,0.404494382022472,929
3571,4,2017-01-20,0.247191011235955,929
3572,1,2015-11-14,0.413223140495868,930
3573,2,2016-01-23,0.31404958677686,930
3574,3,2016-12-03,0.4462809917355369,930
3575,4,2017-01-21,0.495867768595041,930
3576,1,2015-11-12,0.464285714285714,931
3577,2,2016-01-20,0.3035714285714289,931
3578,3,2016-12-03,0.28571428571428603,931
3579,4,2017-01-20,0.23214285714285696,931
3580,1,2015-11-11,0.492768595041322,932
3581,2,2016-01-20,0.277892561983471,932
3582,3,2016-12-02,0.421487603305785,932
3583,4,2017-01-19,0.41425619834710703,932
3584,1,2015-11-11,0.515923566878981,933
3585,2,2016-01-20,0.248407643312102,933
3586,3,2016-12-02,0.445859872611465,933
3587,4,2017-01-18,0.337579617834395,933
3588,1,2015-11-14,0.6,934
3589,2,2016-01-22,0.6,934
3590,3,2016-12-14,0.6,934
3591,4,2017-01-27,0.6,934
3592,1,2015-11-14,0.56,935
3593,2,2016-01-22,0.4,935
3594,3,2016-12-14,0.36,935
3595,4,2017-01-18,0.28,935
3596,1,2015-11-14,0.362745098039216,936
3597,2,2016-01-19,0.235294117647059,936
3598,3,2016-12-14,0.480392156862745,936
3599,4,2017-01-18,0.3921568627450979,936
3600,1,2015-11-14,0.522292993630573,937
3601,2,2016-01-19,0.535031847133758,937
3602,3,2016-12-14,0.624203821656051,937
3603,4,2017-01-18,0.6050955414012739,937
3604,1,2015-11-14,0.41025641025641,938
3605,2,2016-02-01,0.3974358974358971,938
3606,3,2016-12-14,0.576923076923077,938
3607,4,2017-01-19,0.5,938
3608,1,2015-11-23,0.28333333333333305,939
3609,2,2016-02-01,0.21666666666666695,939
3610,3,2016-12-14,0.4,939
3611,4,2017-01-27,0.4666666666666671,939
3612,1,2015-11-24,0.25,940
3613,2,2016-01-20,0.25,940
3614,3,2016-12-05,0.25,940
3615,4,2017-01-19,0.107142857142857,940
3616,1,2015-11-18,0.0,941
3617,2,2016-01-26,0.0,941
3618,3,2016-12-05,0.833333333333333,941
3619,4,2017-02-08,0.5,941
3620,1,2015-11-16,0.28571428571428603,942
3621,2,2016-01-26,0.17142857142857096,942
3622,3,2016-12-07,0.34285714285714297,942
3623,4,2017-01-19,0.4857142857142861,942
3624,1,2015-11-16,0.5,943
3625,2,2016-01-25,0.25,943
3626,3,2016-12-06,0.5,943
3627,4,2017-01-19,0.32142857142857106,943
3628,1,2015-11-16,0.621621621621622,944
3629,2,2016-01-25,0.351351351351351,944
3630,3,2016-12-07,0.027027027027027,944
3631,4,2017-02-08,0.24324324324324306,944
3632,1,2015-11-16,0.444444444444444,945
3633,2,2016-01-26,0.0,945
3634,3,2016-12-17,0.444444444444444,945
3635,4,2017-02-08,0.222222222222222,945
3636,1,2015-11-16,0.25,946
3637,2,2016-01-26,0.0,946
3638,3,2016-12-20,0.25,946
3639,4,2017-02-08,0.75,946
3640,1,2015-11-16,0.5,947
3641,2,2016-01-25,0.0,947
3642,3,2016-12-06,0.681818181818182,947
3643,4,2017-01-19,0.681818181818182,947
3644,1,2015-11-17,0.625,948
3645,2,2016-01-26,0.0,948
3646,3,2016-12-06,0.125,948
3647,4,2017-01-20,0.125,948
3648,1,2015-11-16,0.48780487804878,949
3649,2,2016-01-25,0.48780487804878,949
3650,3,2016-12-06,0.4390243902439021,949
3651,4,2017-01-20,0.463414634146341,949
3652,1,2015-11-16,0.33333333333333304,950
3653,2,2016-01-26,0.0,950
3654,3,2016-12-06,0.833333333333333,950
3655,4,2017-01-20,0.33333333333333304,950
3656,1,2015-11-16,0.46875,951
3657,2,2016-01-25,0.359375,951
3658,3,2016-12-06,0.5625,951
3659,4,2017-01-20,0.5,951
3660,1,2015-11-18,0.130434782608696,952
3661,2,2016-01-25,0.0869565217391304,952
3662,3,2016-12-06,0.34782608695652195,952
3663,4,2017-01-21,0.456521739130435,952
3664,1,2015-11-17,0.8,953
3665,2,2016-01-26,0.0,953
3666,3,2016-12-10,0.2,953
3667,4,2017-01-21,0.0,953
3668,1,2015-11-18,0.0,954
3669,2,2016-01-26,0.0,954
3670,3,2016-12-06,0.0,954
3671,4,2017-01-21,0.4,954
3672,1,2015-11-18,0.33333333333333304,955
3673,2,2016-01-26,0.0,955
3674,3,2016-12-10,0.666666666666667,955
3675,4,2017-01-20,0.666666666666667,955
3688,1,2015-11-11,0.261538461538462,959
3689,2,2016-01-20,0.261538461538462,959
3690,3,2016-12-03,0.33846153846153804,959
3691,4,2017-02-08,0.33846153846153804,959
3692,1,2015-11-11,0.591549295774648,960
3693,2,2016-01-20,0.436619718309859,960
3694,3,2016-12-03,0.5211267605633799,960
3695,4,2017-01-21,0.5211267605633799,960
3696,1,2015-11-18,0.454545454545455,961
3697,2,2016-01-20,0.0,961
3698,3,2016-12-03,0.818181818181818,961
3699,4,2017-01-20,0.818181818181818,961
3700,1,2015-11-11,0.546511627906977,962
3701,2,2016-01-20,0.3837209302325579,962
3702,3,2016-12-03,0.4186046511627911,962
3703,4,2017-01-18,0.44186046511627897,962
3704,1,2015-11-11,0.5048543689320389,963
3705,2,2016-01-20,0.37378640776699,963
3706,3,2016-12-03,0.480582524271845,963
3707,4,2017-01-18,0.42718446601941706,963
3708,1,2015-11-11,0.427536231884058,964
3709,2,2016-01-20,0.33333333333333304,964
3710,3,2016-12-02,0.557971014492754,964
3711,4,2017-01-18,0.514492753623188,964
3712,1,2015-11-11,0.28571428571428603,965
3713,2,2016-02-04,0.28571428571428603,965
3714,3,2016-12-03,0.42857142857142894,965
3715,4,2017-01-25,0.28571428571428603,965
3716,1,2015-11-10,0.4527896995708149,966
3717,2,2016-01-19,0.28755364806867,966
3718,3,2016-12-15,0.412017167381974,966
3719,4,2017-01-18,0.5171673819742489,966
3720,1,2015-11-10,0.4781341107871721,967
3721,2,2016-01-19,0.250728862973761,967
3722,3,2016-12-14,0.381924198250729,967
3723,4,2017-01-18,0.3906705539358599,967
3724,1,2015-11-10,0.584269662921348,968
3725,2,2016-01-19,0.4494382022471911,968
3726,3,2016-12-15,0.4606741573033711,968
3727,4,2017-01-19,0.4606741573033711,968
3728,1,2015-11-14,0.6896551724137929,969
3729,2,2016-01-19,0.413793103448276,969
3730,3,2016-12-14,0.5517241379310339,969
3731,4,2017-01-18,0.413793103448276,969
3732,1,2015-11-18,0.0,970
3733,2,2016-01-26,0.0,970
3734,3,2016-12-07,0.0,970
3735,4,2017-01-25,0.0,970
3736,1,2015-11-18,0.125,971
3737,2,2016-01-30,0.0,971
3738,3,2016-12-05,0.25,971
3739,4,2017-01-25,0.0,971
3740,1,2015-11-24,0.625,972
3741,2,2016-01-30,0.5,972
3742,3,2016-12-05,0.625,972
3743,4,2017-01-25,0.0,972
3744,1,2015-11-24,0.3918918918918921,973
3745,2,2016-01-30,0.0405405405405405,973
3746,3,2016-12-05,0.189189189189189,973
3747,4,2017-02-08,0.283783783783784,973
3748,1,2015-11-20,0.354838709677419,974
3749,2,2016-01-23,0.0645161290322581,974
3750,3,2016-12-05,0.419354838709677,974
3751,4,2017-02-08,0.4516129032258061,974
3752,1,2015-11-16,0.666666666666667,975
3753,2,2016-01-26,0.0,975
3754,3,2016-12-08,0.0,975
3755,4,2017-01-19,0.666666666666667,975
3756,1,2015-11-16,0.407407407407407,976
3757,2,2016-01-25,0.296296296296296,976
3758,3,2016-12-07,0.25925925925925897,976
3759,4,2017-01-19,0.33333333333333304,976
3760,1,2015-11-16,0.7105263157894741,977
3761,2,2016-01-25,0.526315789473684,977
3762,3,2016-12-07,0.763157894736842,977
3763,4,2017-01-19,0.7894736842105259,977
3764,1,2015-11-16,0.590909090909091,978
3765,2,2016-01-25,0.31818181818181795,978
3766,3,2016-12-07,0.7272727272727271,978
3767,4,2017-01-19,0.681818181818182,978
3768,1,2015-11-16,0.5645161290322579,979
3769,2,2016-01-25,0.193548387096774,979
3770,3,2016-12-06,0.370967741935484,979
3771,4,2017-01-19,0.4677419354838711,979
3772,1,2015-11-16,0.564102564102564,980
3773,2,2016-01-25,0.6923076923076921,980
3774,3,2016-12-07,0.538461538461538,980
3775,4,2017-01-20,0.666666666666667,980
3776,1,2015-11-11,0.65,981
3777,2,2016-01-30,0.3,981
3778,3,2016-12-03,0.45,981
3779,4,2017-01-20,0.6,981
3780,1,2015-11-11,0.55625,982
3781,2,2016-01-20,0.4375,982
3782,3,2016-12-03,0.58125,982
3783,4,2017-01-20,0.5125,982
3784,1,2015-11-11,0.413793103448276,983
3785,2,2016-01-20,0.293103448275862,983
3786,3,2016-12-03,0.568965517241379,983
3787,4,2017-01-20,0.379310344827586,983
3788,1,2015-11-14,0.916666666666667,984
3789,2,2016-01-26,0.0833333333333333,984
3790,3,2016-12-07,0.0,984
3791,4,2017-01-25,0.0,984
3792,1,2015-11-18,1.0,985
3793,2,2016-01-26,0.0,985
3794,3,2016-12-07,0.0,985
3795,4,2017-01-25,0.0,985
3796,1,2015-11-11,0.511764705882353,986
3797,2,2016-01-20,0.429411764705882,986
3798,3,2016-12-03,0.4470588235294121,986
3799,4,2017-01-18,0.470588235294118,986
3800,1,2015-11-11,0.548936170212766,987
3801,2,2016-01-20,0.38936170212766,987
3802,3,2016-12-03,0.472340425531915,987
3803,4,2017-01-19,0.476595744680851,987
3804,1,2015-11-10,0.34482758620689696,988
3805,2,2016-01-19,0.327586206896552,988
3806,3,2016-12-14,0.413793103448276,988
3807,4,2017-01-21,0.4655172413793099,988
3808,1,2015-11-10,0.414035087719298,989
3809,2,2016-01-19,0.23859649122807,989
3810,3,2016-12-15,0.39649122807017495,989
3811,4,2017-01-19,0.431578947368421,989
3812,1,2015-11-15,0.36464088397790095,990
3813,2,2016-01-19,0.29281767955801097,990
3814,3,2016-12-14,0.453038674033149,990
3815,4,2017-01-19,0.546961325966851,990
3816,1,2015-11-18,0.15,992
3817,2,2016-01-20,0.0,992
3818,3,2016-12-05,0.15,992
3819,4,2017-02-09,0.35,992
3820,1,2015-11-24,0.3958333333333329,993
3821,2,2016-01-26,0.166666666666667,993
3822,3,2016-12-05,0.4583333333333329,993
3823,4,2017-01-17,0.33333333333333304,993
3824,1,2015-11-16,0.5645161290322579,994
3825,2,2016-01-26,0.354838709677419,994
3826,3,2016-12-07,0.548387096774194,994
3827,4,2017-01-19,0.580645161290323,994
3828,1,2015-11-16,0.916666666666667,995
3829,2,2016-01-26,0.4166666666666671,995
3830,3,2016-12-07,0.666666666666667,995
3831,4,2017-01-19,0.583333333333333,995
3856,1,2015-11-14,0.454545454545455,1002
3857,2,2016-01-26,0.454545454545455,1002
3858,3,2016-12-10,0.545454545454545,1002
3859,4,2017-01-20,0.5,1002
3860,1,2015-11-14,0.293103448275862,1003
3861,2,2016-01-20,0.31034482758620696,1003
3862,3,2016-12-05,0.5344827586206901,1003
3863,4,2017-01-21,0.293103448275862,1003
3864,1,2015-11-14,0.432432432432432,1004
3865,2,2016-01-30,0.27027027027027,1004
3866,3,2016-12-03,0.189189189189189,1004
3867,4,2017-01-20,0.297297297297297,1004
3868,1,2015-11-12,0.509259259259259,1005
3869,2,2016-01-21,0.19444444444444395,1005
3870,3,2016-12-05,0.453703703703704,1005
3871,4,2017-01-17,0.25925925925925897,1005
3872,1,2015-11-12,0.512437810945274,1006
3873,2,2016-01-21,0.348258706467662,1006
3874,3,2016-12-05,0.507462686567164,1006
3875,4,2017-01-17,0.467661691542289,1006
3876,1,2015-11-11,0.450549450549451,1008
3877,2,2016-01-20,0.33516483516483503,1008
3878,3,2016-12-03,0.467032967032967,1008
3879,4,2017-01-19,0.472527472527473,1008
3880,1,2015-11-11,0.4166666666666671,1009
3881,2,2016-01-20,0.33333333333333304,1009
3882,3,2016-12-03,0.5,1009
3883,4,2017-01-19,0.5,1009
3884,1,2015-11-14,0.5,1010
3885,2,2016-01-20,0.4583333333333329,1010
3886,3,2016-12-06,0.625,1010
3887,4,2017-01-19,0.583333333333333,1010
3888,1,2015-11-14,0.415841584158416,1011
3889,2,2016-01-20,0.198019801980198,1011
3890,3,2016-12-06,0.391089108910891,1011
3891,4,2017-01-19,0.341584158415842,1011
3892,1,2015-11-16,0.48,1012
3893,2,2016-01-26,0.24,1012
3894,3,2016-12-05,0.52,1012
3895,4,2017-01-31,0.08,1012
3896,1,2015-11-16,0.444444444444444,1013
3897,2,2016-01-26,0.222222222222222,1013
3898,3,2016-12-05,0.222222222222222,1013
3899,4,2017-01-17,0.666666666666667,1013
3900,1,2015-11-25,1.0,1014
3901,2,2016-01-26,0.0,1014
3902,3,2016-12-07,0.5,1014
3903,4,2017-02-06,0.5,1014
3904,1,2015-11-18,0.473684210526316,1015
3905,2,2016-01-26,0.105263157894737,1015
3906,3,2016-12-07,0.473684210526316,1015
3907,4,2017-02-06,0.473684210526316,1015
3924,1,2015-11-11,0.36470588235294105,1020
3925,2,2016-01-30,0.3823529411764711,1020
3926,3,2016-12-09,0.44117647058823495,1020
3927,4,2017-01-20,0.4529411764705879,1020
3928,1,2015-11-24,0.6190476190476191,1021
3929,2,2016-01-30,0.0952380952380952,1021
3930,3,2016-12-08,0.23809523809523805,1021
3931,4,2017-01-21,0.14285714285714302,1021
3932,1,2015-11-12,0.581818181818182,1022
3933,2,2016-01-21,0.23636363636363605,1022
3934,3,2016-12-05,0.327272727272727,1022
3935,4,2017-01-17,0.6,1022
3936,1,2015-11-12,0.5963855421686751,1023
3937,2,2016-01-21,0.33734939759036103,1023
3938,3,2016-12-05,0.602409638554217,1023
3939,4,2017-01-17,0.457831325301205,1023
3940,1,2015-11-10,0.4615384615384621,1026
3941,2,2016-01-19,0.302387267904509,1026
3942,3,2016-12-07,0.339522546419098,1026
3943,4,2017-01-18,0.384615384615385,1026
3944,1,2015-11-14,0.381226053639847,1027
3945,2,2016-01-20,0.2835249042145589,1027
3946,3,2016-12-06,0.459770114942529,1027
3947,4,2017-01-18,0.488505747126437,1027
3948,1,2015-11-16,0.409090909090909,1028
3949,2,2016-01-26,0.272727272727273,1028
3950,3,2016-12-06,0.0454545454545455,1028
3951,4,2017-01-17,0.8636363636363641,1028
3952,1,2015-11-16,0.511627906976744,1029
3953,2,2016-01-26,0.348837209302326,1029
3954,3,2016-12-05,0.372093023255814,1029
3955,4,2017-01-17,0.4883720930232561,1029
3956,1,2015-11-18,0.0,1030
3957,2,2016-01-26,0.0,1030
3958,3,2016-12-07,0.625,1030
3959,4,2017-02-06,0.125,1030
3976,1,2015-11-11,0.566666666666667,1036
3977,2,2016-01-20,0.316666666666667,1036
3978,3,2016-12-06,0.633333333333333,1036
3979,4,2017-01-17,0.566666666666667,1036
3980,1,2015-11-11,0.4764826175869121,1037
3981,2,2016-01-20,0.421267893660532,1037
3982,3,2016-12-05,0.505112474437628,1037
3983,4,2017-01-17,0.6053169734151329,1037
3984,1,2015-11-12,0.543859649122807,1038
3985,2,2016-01-21,0.315789473684211,1038
3986,3,2016-12-05,0.56140350877193,1038
3987,4,2017-01-17,0.56140350877193,1038
3988,1,2015-11-12,0.4701492537313429,1039
3989,2,2016-01-21,0.253731343283582,1039
3990,3,2016-12-05,0.5,1039
3991,4,2017-01-17,0.417910447761194,1039
3992,1,2015-11-12,0.555555555555556,1040
3993,2,2016-01-21,0.0,1040
3994,3,2016-12-05,0.444444444444444,1040
3995,4,2017-01-17,0.33333333333333304,1040
4000,1,2015-11-10,0.52991452991453,1043
4001,2,2016-01-19,0.12820512820512805,1043
4002,3,2016-12-07,0.376068376068376,1043
4003,4,2017-01-18,0.307692307692308,1043
4004,1,2015-11-10,0.5,1044
4005,2,2016-01-26,0.0,1044
4006,3,2016-12-07,0.464285714285714,1044
4007,4,2017-01-18,0.6071428571428571,1044
4008,1,2015-11-18,0.0,1045
4009,2,2016-01-26,0.33333333333333304,1045
4010,3,2016-12-07,0.0,1045
4011,4,2017-01-25,0.0,1045
4012,1,2015-11-16,0.48,1046
4013,2,2016-01-26,0.36,1046
4014,3,2016-12-05,0.32,1046
4015,4,2017-01-31,0.48,1046
4016,1,2015-11-16,0.7692307692307689,1047
4017,2,2016-01-26,0.538461538461538,1047
4018,3,2016-12-05,0.538461538461538,1047
4019,4,2017-02-06,0.538461538461538,1047
4020,1,2015-11-16,1.0,1048
4021,2,2016-01-26,0.2,1048
4022,3,2016-12-07,0.0,1048
4023,4,2017-02-01,0.6,1048
4024,1,2015-11-16,0.5,1049
4025,2,2016-01-26,0.0,1049
4026,3,2016-12-06,0.25,1049
4027,4,2017-01-20,0.25,1049
4040,1,2015-11-12,0.549356223175966,1054
4041,2,2016-01-21,0.34763948497854097,1054
4042,3,2016-12-05,0.5150214592274679,1054
4043,4,2017-01-21,0.48068669527897,1054
4044,1,2015-11-11,0.53015873015873,1055
4045,2,2016-01-20,0.38730158730158704,1055
4046,3,2016-12-05,0.549206349206349,1055
4047,4,2017-01-17,0.495238095238095,1055
4048,1,2015-11-14,0.733333333333333,1059
4049,2,2016-01-23,0.4333333333333329,1059
4050,3,2016-12-07,0.33333333333333304,1059
4051,4,2017-01-21,0.3,1059
4052,1,2015-11-10,0.4479166666666671,1060
4053,2,2016-01-19,0.208333333333333,1060
4054,3,2016-12-07,0.21875,1060
4055,4,2017-01-18,0.197916666666667,1060
4068,1,2015-11-12,0.4259259259259261,1064
4069,2,2016-01-21,0.296296296296296,1064
4070,3,2016-12-02,0.37037037037037,1064
4071,4,2017-01-21,0.351851851851852,1064
4072,1,2015-11-10,0.4666666666666671,1067
4073,2,2016-01-19,0.3,1067
4074,3,2016-12-12,0.3666666666666671,1067
4075,4,2017-01-18,0.733333333333333,1067
4076,1,2015-11-18,0.0,1068
4077,2,2016-01-26,0.0,1068
4078,3,2016-12-07,0.0,1068
4079,4,2017-01-19,1.0,1068
4080,1,2015-11-18,0.0,1069
4081,2,2016-01-26,0.0,1069
4082,3,2016-12-07,0.0,1069
4083,4,2017-01-19,1.0,1069
4096,1,2015-11-16,0.16,1079
4097,2,2016-02-01,0.08,1079
4098,3,2016-12-15,0.08,1079
4099,4,2017-01-19,0.52,1079
4100,1,2015-11-17,1.0,1080
4101,2,2016-01-26,0.0,1080
4102,3,2016-12-07,0.0,1080
4103,4,2017-01-25,0.0,1080
4104,1,2015-11-17,0.42857142857142894,1081
4105,2,2016-01-25,0.3571428571428571,1081
4106,3,2016-12-06,0.5,1081
4107,4,2017-01-18,0.42857142857142894,1081
4124,1,2015-11-16,0.309278350515464,1089
4125,2,2016-01-23,0.0721649484536082,1089
4126,3,2016-12-06,0.19587628865979395,1089
4127,4,2017-01-21,0.525773195876289,1089
4128,1,2015-11-17,0.3571428571428571,1090
4129,2,2016-01-25,0.222222222222222,1090
4130,3,2016-12-06,0.420634920634921,1090
4131,4,2017-01-18,0.5158730158730159,1090
4132,1,2015-11-25,0.13986013986014,1091
4133,2,2016-01-26,0.237762237762238,1091
4134,3,2016-12-06,0.4335664335664339,1091
4135,4,2017-01-18,0.5874125874125871,1091
4136,1,2015-11-17,0.5,1092
4137,2,2016-01-26,0.0,1092
4138,3,2016-12-07,0.0,1092
4139,4,2017-01-28,0.0,1092
4156,1,2015-11-18,0.0,1105
4157,2,2016-01-26,0.0,1105
4158,3,2016-12-07,0.266666666666667,1105
4159,4,2017-01-28,0.5333333333333329,1105
4160,1,2015-11-17,0.33160621761658,1106
4161,2,2016-02-01,0.0518134715025907,1106
4162,3,2016-12-06,0.367875647668394,1106
4163,4,2017-01-19,0.378238341968912,1106
4164,1,2015-11-18,0.0,1107
4165,2,2016-01-26,0.0,1107
4166,3,2016-12-06,0.266666666666667,1107
4167,4,2017-01-19,0.5333333333333329,1107
4180,1,2015-11-18,0.0,1118
4181,2,2016-01-26,0.0,1118
4182,3,2016-12-07,0.0,1118
4183,4,2017-01-25,0.0,1118
4184,1,2015-11-16,0.432432432432432,1119
4185,2,2016-01-26,0.5135135135135129,1119
4186,3,2016-12-07,0.594594594594595,1119
4187,4,2017-01-18,0.7027027027027031,1119
4188,1,2015-11-14,0.440677966101695,1120
4189,2,2016-02-01,0.135593220338983,1120
4190,3,2016-12-06,0.491525423728814,1120
4191,4,2017-01-19,0.559322033898305,1120
4204,1,2015-11-25,0.666666666666667,1128
4205,2,2016-01-26,0.0,1128
4206,3,2016-12-07,0.0,1128
4207,4,2017-01-25,0.0,1128
4232,1,2015-11-17,0.5,1142
4233,2,2016-01-26,0.0,1142
4234,3,2016-12-08,0.3,1142
4235,4,2017-01-25,0.0,1142
4264,1,2015-11-17,0.609195402298851,1154
4265,2,2016-01-25,0.241379310344828,1154
4266,3,2016-12-07,0.3678160919540229,1154
4267,4,2017-01-19,0.0229885057471264,1154
4268,1,2015-11-16,0.5,1155
4269,2,2016-02-01,0.0,1155
4270,3,2016-12-08,0.625,1155
4271,4,2017-01-19,0.5,1155
4300,1,2015-11-16,0.4,1168
4301,2,2016-01-25,0.1,1168
4302,3,2016-12-07,0.34,1168
4303,4,2017-01-19,0.26,1168
4304,1,2015-11-16,0.6428571428571429,1169
4305,2,2016-01-25,0.0714285714285714,1169
4306,3,2016-12-07,0.28571428571428603,1169
4307,4,2017-01-19,0.3571428571428571,1169
4352,1,2015-11-16,0.42,1187
4353,2,2016-01-25,0.12,1187
4354,3,2016-12-07,0.34,1187
4355,4,2017-01-19,0.4,1187
4356,1,2015-11-16,0.4259259259259261,1188
4357,2,2016-01-26,0.0,1188
4358,3,2016-12-07,0.222222222222222,1188
4359,4,2017-01-19,0.25925925925925897,1188
4400,1,2015-11-17,0.473684210526316,1205
4401,2,2016-01-25,0.368421052631579,1205
4402,3,2016-12-07,0.631578947368421,1205
4403,4,2017-01-19,0.578947368421053,1205
4404,1,2015-11-17,0.537634408602151,1206
4405,2,2016-01-25,0.209677419354839,1206
4406,3,2016-12-07,0.478494623655914,1206
4407,4,2017-01-19,0.4516129032258061,1206
