Unnamed: 0,event,fulldate,cov_all,age_cov,min_season_cov,fast_fraction,grid_cell
1353,1,2013-12-01,0.4,0.9,0.5,0.6,544
1354,2,2015-09-01,0.4,0.9,0.5,0.6,544
1355,3,2017-12-01,0.75,0.9,0.5,0.6,544
1443,1,2013-12-01,0.4,0.9,0.5,0.6,579
1444,2,2015-09-01,1.0,0.9,0.5,0.6,579
1445,3,2017-12-01,0.75,0.9,0.5,0.6,579
1446,1,2013-12-01,0.4,0.9,0.5,0.6,580
1447,2,2015-09-01,1.0,0.9,0.5,0.6,580
1448,3,2017-12-01,0.75,0.9,0.5,0.6,580
1449,1,2013-12-01,0.4,0.9,0.5,0.6,581
1450,2,2015-09-01,1.0,0.9,0.5,0.6,581
1451,3,2017-12-01,0.75,0.9,0.5,0.6,581
1452,1,2013-12-01,0.4,0.9,0.5,0.6,582
1453,2,2015-09-01,0.0,0.9,0.5,0.6,582
1454,3,2017-12-01,0.75,0.9,0.5,0.6,582
1524,1,2013-12-01,0.4,0.9,0.5,0.6,612
1525,2,2015-09-01,0.88,0.9,0.5,0.6,612
1526,3,2017-12-01,0.75,0.9,0.5,0.6,612
1527,1,2013-12-01,0.4,0.9,0.5,0.6,613
1528,2,2015-09-01,0.6363636363636359,0.9,0.5,0.6,613
1529,3,2017-12-01,0.75,0.9,0.5,0.6,613
1578,1,2013-12-01,0.4,0.9,0.5,0.6,634
1579,2,2015-09-01,1.0,0.9,0.5,0.6,634
1580,3,2017-12-01,0.75,0.9,0.5,0.6,634
1581,1,2013-12-01,0.4,0.9,0.5,0.6,635
1582,2,2015-09-01,0.9487179487179492,0.9,0.5,0.6,635
1583,3,2017-12-01,0.75,0.9,0.5,0.6,635
1584,1,2013-12-01,0.4,0.9,0.5,0.6,636
1585,2,2015-09-01,0.666666666666667,0.9,0.5,0.6,636
1586,3,2017-12-01,0.75,0.9,0.5,0.6,636
1644,1,2013-12-01,0.4,0.9,0.5,0.6,659
1645,2,2015-09-01,0.42857142857142894,0.9,0.5,0.6,659
1646,3,2017-12-01,0.75,0.9,0.5,0.6,659
1647,1,2013-12-01,0.4,0.9,0.5,0.6,660
1648,2,2015-09-01,0.33333333333333304,0.9,0.5,0.6,660
1649,3,2017-12-01,0.75,0.9,0.5,0.6,660
1650,1,2013-12-01,0.4,0.9,0.5,0.6,661
1651,2,2015-09-01,1.0,0.9,0.5,0.6,661
1652,3,2017-12-01,0.75,0.9,0.5,0.6,661
1653,1,2013-12-01,0.4,0.9,0.5,0.6,662
1654,2,2015-09-01,0.8,0.9,0.5,0.6,662
1655,3,2017-12-01,0.75,0.9,0.5,0.6,662
1656,1,2013-12-01,0.4,0.9,0.5,0.6,663
1657,2,2015-09-01,0.818181818181818,0.9,0.5,0.6,663
1658,3,2017-12-01,0.75,0.9,0.5,0.6,663
1659,1,2013-12-01,0.4,0.9,0.5,0.6,664
1660,2,2015-09-01,0.6575342465753421,0.9,0.5,0.6,664
1661,3,2017-12-01,0.75,0.9,0.5,0.6,664
1701,1,2013-12-01,0.4,0.9,0.5,0.6,681
1702,2,2015-09-01,0.791666666666667,0.9,0.5,0.6,681
1703,3,2017-12-01,0.75,0.9,0.5,0.6,681
1704,1,2013-12-01,0.4,0.9,0.5,0.6,682
1705,2,2015-09-01,0.590909090909091,0.9,0.5,0.6,682
1706,3,2017-12-01,0.75,0.9,0.5,0.6,682
1707,1,2013-12-01,0.4,0.9,0.5,0.6,684
1708,2,2015-09-01,1.0,0.9,0.5,0.6,684
1709,3,2017-12-01,0.75,0.9,0.5,0.6,684
1710,1,2013-12-01,0.4,0.9,0.5,0.6,685
1711,2,2015-09-01,0.966666666666667,0.9,0.5,0.6,685
1712,3,2017-12-01,0.75,0.9,0.5,0.6,685
1713,1,2013-12-01,0.4,0.9,0.5,0.6,686
1714,2,2015-09-01,0.2,0.9,0.5,0.6,686
1715,3,2017-12-01,0.75,0.9,0.5,0.6,686
1716,1,2013-12-01,0.4,0.9,0.5,0.6,687
1717,2,2015-09-01,0.833333333333333,0.9,0.5,0.6,687
1718,3,2017-12-01,0.75,0.9,0.5,0.6,687
1719,1,2013-12-01,0.4,0.9,0.5,0.6,688
1720,2,2015-09-01,0.5,0.9,0.5,0.6,688
1721,3,2017-12-01,0.75,0.9,0.5,0.6,688
1722,1,2013-12-01,0.4,0.9,0.5,0.6,689
1723,2,2015-09-01,0.855491329479769,0.9,0.5,0.6,689
1724,3,2017-12-01,0.75,0.9,0.5,0.6,689
1728,1,2013-12-01,0.4,0.9,0.5,0.6,691
1729,2,2015-09-01,0.1,0.9,0.5,0.6,691
1730,3,2017-12-01,0.75,0.9,0.5,0.6,691
1731,1,2013-12-01,0.4,0.9,0.5,0.6,692
1732,2,2015-09-01,0.0192307692307692,0.9,0.5,0.6,692
1733,3,2017-12-01,0.75,0.9,0.5,0.6,692
1752,1,2013-12-01,0.4,0.9,0.5,0.6,701
1753,2,2015-09-01,0.8947368421052628,0.9,0.5,0.6,701
1754,3,2017-12-01,0.75,0.9,0.5,0.6,701
1755,1,2013-12-01,0.4,0.9,0.5,0.6,702
1756,2,2015-09-01,1.0,0.9,0.5,0.6,702
1757,3,2017-12-01,0.75,0.9,0.5,0.6,702
1758,1,2013-12-01,0.4,0.9,0.5,0.6,703
1759,2,2015-09-01,0.5,0.9,0.5,0.6,703
1760,3,2017-12-01,0.75,0.9,0.5,0.6,703
1761,1,2013-12-01,0.4,0.9,0.5,0.6,704
1762,2,2015-09-01,1.0,0.9,0.5,0.6,704
1763,3,2017-12-01,0.75,0.9,0.5,0.6,704
1764,1,2013-12-01,0.4,0.9,0.5,0.6,705
1765,2,2015-09-01,1.0,0.9,0.5,0.6,705
1766,3,2017-12-01,0.75,0.9,0.5,0.6,705
1767,1,2013-12-01,0.4,0.9,0.5,0.6,706
1768,2,2015-09-01,1.0,0.9,0.5,0.6,706
1769,3,2017-12-01,0.75,0.9,0.5,0.6,706
1770,1,2013-12-01,0.4,0.9,0.5,0.6,707
1771,2,2015-09-01,0.0,0.9,0.5,0.6,707
1772,3,2017-12-01,0.75,0.9,0.5,0.6,707
1773,1,2013-12-01,0.4,0.9,0.5,0.6,708
1774,2,2015-09-01,0.254901960784314,0.9,0.5,0.6,708
1775,3,2017-12-01,0.75,0.9,0.5,0.6,708
1776,1,2013-12-01,0.4,0.9,0.5,0.6,709
1777,2,2015-09-01,0.272727272727273,0.9,0.5,0.6,709
1778,3,2017-12-01,0.75,0.9,0.5,0.6,709
1779,1,2013-12-01,0.4,0.9,0.5,0.6,710
1780,2,2015-09-01,0.446808510638298,0.9,0.5,0.6,710
1781,3,2017-12-01,0.75,0.9,0.5,0.6,710
1797,1,2013-12-01,0.4,0.9,0.5,0.6,717
1798,2,2015-09-01,0.125,0.9,0.5,0.6,717
1799,3,2017-12-01,0.75,0.9,0.5,0.6,717
1800,1,2013-12-01,0.4,0.9,0.5,0.6,718
1801,2,2015-09-01,0.845070422535211,0.9,0.5,0.6,718
1802,3,2017-12-01,0.75,0.9,0.5,0.6,718
1803,1,2013-12-01,0.4,0.9,0.5,0.6,719
1804,2,2015-09-01,0.625,0.9,0.5,0.6,719
1805,3,2017-12-01,0.75,0.9,0.5,0.6,719
1806,1,2013-12-01,0.4,0.9,0.5,0.6,720
1807,2,2015-09-01,0.7196261682242991,0.9,0.5,0.6,720
1808,3,2017-12-01,0.75,0.9,0.5,0.6,720
1809,1,2013-12-01,0.4,0.9,0.5,0.6,721
1810,2,2015-09-01,0.617647058823529,0.9,0.5,0.6,721
1811,3,2017-12-01,0.75,0.9,0.5,0.6,721
1812,1,2013-12-01,0.4,0.9,0.5,0.6,722
1813,2,2015-09-01,0.4615384615384621,0.9,0.5,0.6,722
1814,3,2017-12-01,0.75,0.9,0.5,0.6,722
1815,1,2013-12-01,0.4,0.9,0.5,0.6,723
1816,2,2015-09-01,0.166666666666667,0.9,0.5,0.6,723
1817,3,2017-12-01,0.75,0.9,0.5,0.6,723
1818,1,2013-12-01,0.4,0.9,0.5,0.6,724
1819,2,2015-09-01,0.192982456140351,0.9,0.5,0.6,724
1820,3,2017-12-01,0.75,0.9,0.5,0.6,724
1821,1,2013-12-01,0.4,0.9,0.5,0.6,725
1822,2,2015-09-01,0.157894736842105,0.9,0.5,0.6,725
1823,3,2017-12-01,0.75,0.9,0.5,0.6,725
1836,1,2013-12-01,0.4,0.9,0.5,0.6,730
1837,2,2015-09-01,0.8461538461538459,0.9,0.5,0.6,730
1838,3,2017-12-01,0.75,0.9,0.5,0.6,730
1839,1,2013-12-01,0.4,0.9,0.5,0.6,731
1840,2,2015-09-01,0.592592592592593,0.9,0.5,0.6,731
1841,3,2017-12-01,0.75,0.9,0.5,0.6,731
1842,1,2013-12-01,0.4,0.9,0.5,0.6,732
1843,2,2015-09-01,0.4615384615384621,0.9,0.5,0.6,732
1844,3,2017-12-01,0.75,0.9,0.5,0.6,732
1845,1,2013-12-01,0.4,0.9,0.5,0.6,733
1846,2,2015-09-01,0.489795918367347,0.9,0.5,0.6,733
1847,3,2017-12-01,0.75,0.9,0.5,0.6,733
1848,1,2013-12-01,0.4,0.9,0.5,0.6,734
1849,2,2015-09-01,1.0,0.9,0.5,0.6,734
1850,3,2017-12-01,0.75,0.9,0.5,0.6,734
1851,1,2013-12-01,0.4,0.9,0.5,0.6,735
1852,2,2015-09-01,0.625,0.9,0.5,0.6,735
1853,3,2017-12-01,0.75,0.9,0.5,0.6,735
1854,1,2013-12-01,0.4,0.9,0.5,0.6,736
1855,2,2015-09-01,0.5714285714285711,0.9,0.5,0.6,736
1856,3,2017-12-01,0.75,0.9,0.5,0.6,736
1857,1,2013-12-01,0.4,0.9,0.5,0.6,737
1858,2,2015-09-01,0.2745098039215689,0.9,0.5,0.6,737
1859,3,2017-12-01,0.75,0.9,0.5,0.6,737
1860,1,2013-12-01,0.4,0.9,0.5,0.6,738
1861,2,2015-09-01,0.297297297297297,0.9,0.5,0.6,738
1862,3,2017-12-01,0.75,0.9,0.5,0.6,738
1863,1,2013-12-01,0.4,0.9,0.5,0.6,739
1864,2,2015-09-01,0.138461538461538,0.9,0.5,0.6,739
1865,3,2017-12-01,0.75,0.9,0.5,0.6,739
1866,1,2013-12-01,0.4,0.9,0.5,0.6,740
1867,2,2015-09-01,0.0384615384615385,0.9,0.5,0.6,740
1868,3,2017-12-01,0.75,0.9,0.5,0.6,740
1869,1,2013-12-01,0.4,0.9,0.5,0.6,741
1870,2,2015-09-01,0.42857142857142894,0.9,0.5,0.6,741
1871,3,2017-12-01,0.75,0.9,0.5,0.6,741
1884,1,2013-12-01,0.4,0.9,0.5,0.6,751
1885,2,2015-09-01,0.975,0.9,0.5,0.6,751
1886,3,2017-12-01,0.75,0.9,0.5,0.6,751
1887,1,2013-12-01,0.4,0.9,0.5,0.6,752
1888,2,2015-09-01,0.6451612903225811,0.9,0.5,0.6,752
1889,3,2017-12-01,0.75,0.9,0.5,0.6,752
1890,1,2013-12-01,0.4,0.9,0.5,0.6,753
1891,2,2015-09-01,0.7843137254901958,0.9,0.5,0.6,753
1892,3,2017-12-01,0.75,0.9,0.5,0.6,753
1893,1,2013-12-01,0.4,0.9,0.5,0.6,754
1894,2,2015-09-01,0.27906976744186,0.9,0.5,0.6,754
1895,3,2017-12-01,0.75,0.9,0.5,0.6,754
1896,1,2013-12-01,0.4,0.9,0.5,0.6,755
1897,2,2015-09-01,0.272727272727273,0.9,0.5,0.6,755
1898,3,2017-12-01,0.75,0.9,0.5,0.6,755
1899,1,2013-12-01,0.4,0.9,0.5,0.6,756
1900,2,2015-09-01,0.109375,0.9,0.5,0.6,756
1901,3,2017-12-01,0.75,0.9,0.5,0.6,756
1902,1,2013-12-01,0.4,0.9,0.5,0.6,757
1903,2,2015-09-01,0.0357142857142857,0.9,0.5,0.6,757
1904,3,2017-12-01,0.75,0.9,0.5,0.6,757
1905,1,2013-12-01,0.4,0.9,0.5,0.6,759
1906,2,2015-09-01,0.0,0.9,0.5,0.6,759
1907,3,2017-12-01,0.75,0.9,0.5,0.6,759
1908,1,2013-12-01,0.4,0.9,0.5,0.6,760
1909,2,2015-09-01,0.0,0.9,0.5,0.6,760
1910,3,2017-12-01,0.75,0.9,0.5,0.6,760
1911,1,2013-12-01,0.4,0.9,0.5,0.6,761
1912,2,2015-09-01,0.923076923076923,0.9,0.5,0.6,761
1913,3,2017-12-01,0.75,0.9,0.5,0.6,761
1917,1,2013-12-01,0.4,0.9,0.5,0.6,764
1918,2,2015-09-01,0.625,0.9,0.5,0.6,764
1919,3,2017-12-01,0.75,0.9,0.5,0.6,764
1920,1,2013-12-01,0.4,0.9,0.5,0.6,765
1921,2,2015-09-01,0.666666666666667,0.9,0.5,0.6,765
1922,3,2017-12-01,0.75,0.9,0.5,0.6,765
1923,1,2013-12-01,0.4,0.9,0.5,0.6,766
1924,2,2015-09-01,0.617647058823529,0.9,0.5,0.6,766
1925,3,2017-12-01,0.75,0.9,0.5,0.6,766
1926,1,2013-12-01,0.4,0.9,0.5,0.6,767
1927,2,2015-09-01,0.576470588235294,0.9,0.5,0.6,767
1928,3,2017-12-01,0.75,0.9,0.5,0.6,767
1929,1,2013-12-01,0.4,0.9,0.5,0.6,768
1930,2,2015-09-01,0.4,0.9,0.5,0.6,768
1931,3,2017-12-01,0.75,0.9,0.5,0.6,768
1932,1,2013-12-01,0.4,0.9,0.5,0.6,769
1933,2,2015-09-01,0.677165354330709,0.9,0.5,0.6,769
1934,3,2017-12-01,0.75,0.9,0.5,0.6,769
1935,1,2013-12-01,0.4,0.9,0.5,0.6,770
1936,2,2015-09-01,0.7647058823529409,0.9,0.5,0.6,770
1937,3,2017-12-01,0.75,0.9,0.5,0.6,770
1938,1,2013-12-01,0.4,0.9,0.5,0.6,771
1939,2,2015-09-01,0.6612111292962359,0.9,0.5,0.6,771
1940,3,2017-12-01,0.75,0.9,0.5,0.6,771
1941,1,2013-12-01,0.4,0.9,0.5,0.6,772
1942,2,2015-09-01,0.58974358974359,0.9,0.5,0.6,772
1943,3,2017-12-01,0.75,0.9,0.5,0.6,772
1944,1,2013-12-01,0.4,0.9,0.5,0.6,775
1945,2,2015-09-01,1.0,0.9,0.5,0.6,775
1946,3,2017-12-01,0.75,0.9,0.5,0.6,775
1947,1,2013-12-01,0.4,0.9,0.5,0.6,776
1948,2,2015-09-01,0.0,0.9,0.5,0.6,776
1949,3,2017-12-01,0.75,0.9,0.5,0.6,776
1950,1,2013-12-01,0.4,0.9,0.5,0.6,777
1951,2,2015-09-01,0.393939393939394,0.9,0.5,0.6,777
1952,3,2017-12-01,0.75,0.9,0.5,0.6,777
1953,1,2013-12-01,0.4,0.9,0.5,0.6,779
1954,2,2015-09-01,1.0,0.9,0.5,0.6,779
1955,3,2017-12-01,0.75,0.9,0.5,0.6,779
1956,1,2013-12-01,0.4,0.9,0.5,0.6,781
1957,2,2015-09-01,1.0,0.9,0.5,0.6,781
1958,3,2017-12-01,0.75,0.9,0.5,0.6,781
1959,1,2013-12-01,0.4,0.9,0.5,0.6,782
1960,2,2015-09-01,0.0,0.9,0.5,0.6,782
1961,3,2017-12-01,0.75,0.9,0.5,0.6,782
1962,1,2013-12-01,0.4,0.9,0.5,0.6,783
1963,2,2015-09-01,0.0,0.9,0.5,0.6,783
1964,3,2017-12-01,0.75,0.9,0.5,0.6,783
1965,1,2013-12-01,0.4,0.9,0.5,0.6,784
1966,2,2015-09-01,0.892307692307692,0.9,0.5,0.6,784
1967,3,2017-12-01,0.75,0.9,0.5,0.6,784
1968,1,2013-12-01,0.4,0.9,0.5,0.6,785
1969,2,2015-09-01,0.555555555555556,0.9,0.5,0.6,785
1970,3,2017-12-01,0.75,0.9,0.5,0.6,785
1971,1,2013-12-01,0.4,0.9,0.5,0.6,786
1972,2,2015-09-01,0.575757575757576,0.9,0.5,0.6,786
1973,3,2017-12-01,0.75,0.9,0.5,0.6,786
1974,1,2013-12-01,0.4,0.9,0.5,0.6,787
1975,2,2015-09-01,0.578947368421053,0.9,0.5,0.6,787
1976,3,2017-12-01,0.75,0.9,0.5,0.6,787
1977,1,2013-12-01,0.4,0.9,0.5,0.6,788
1978,2,2015-09-01,0.538461538461538,0.9,0.5,0.6,788
1979,3,2017-12-01,0.75,0.9,0.5,0.6,788
1980,1,2013-12-01,0.4,0.9,0.5,0.6,789
1981,2,2015-09-01,0.567567567567568,0.9,0.5,0.6,789
1982,3,2017-12-01,0.75,0.9,0.5,0.6,789
1983,1,2013-12-01,0.4,0.9,0.5,0.6,790
1984,2,2015-09-01,0.693786982248521,0.9,0.5,0.6,790
1985,3,2017-12-01,0.75,0.9,0.5,0.6,790
1986,1,2013-12-01,0.4,0.9,0.5,0.6,791
1987,2,2015-09-01,0.7882623705408521,0.9,0.5,0.6,791
1988,3,2017-12-01,0.75,0.9,0.5,0.6,791
1989,1,2013-12-01,0.4,0.9,0.5,0.6,792
1990,2,2015-09-01,0.6954022988505749,0.9,0.5,0.6,792
1991,3,2017-12-01,0.75,0.9,0.5,0.6,792
1992,1,2013-12-01,0.4,0.9,0.5,0.6,793
1993,2,2015-09-01,0.5362318840579711,0.9,0.5,0.6,793
1994,3,2017-12-01,0.75,0.9,0.5,0.6,793
1995,1,2013-12-01,0.4,0.9,0.5,0.6,794
1996,2,2015-09-01,0.181818181818182,0.9,0.5,0.6,794
1997,3,2017-12-01,0.75,0.9,0.5,0.6,794
1998,1,2013-12-01,0.4,0.9,0.5,0.6,795
1999,2,2015-09-01,0.0,0.9,0.5,0.6,795
2000,3,2017-12-01,0.75,0.9,0.5,0.6,795
2001,1,2013-12-01,0.4,0.9,0.5,0.6,797
2002,2,2015-09-01,1.0,0.9,0.5,0.6,797
2003,3,2017-12-01,0.75,0.9,0.5,0.6,797
2004,1,2013-12-01,0.4,0.9,0.5,0.6,798
2005,2,2015-09-01,0.33333333333333304,0.9,0.5,0.6,798
2006,3,2017-12-01,0.75,0.9,0.5,0.6,798
2007,1,2013-12-01,0.4,0.9,0.5,0.6,799
2008,2,2015-09-01,1.0,0.9,0.5,0.6,799
2009,3,2017-12-01,0.75,0.9,0.5,0.6,799
2010,1,2013-12-01,0.4,0.9,0.5,0.6,801
2011,2,2015-09-01,0.9090909090909092,0.9,0.5,0.6,801
2012,3,2017-12-01,0.75,0.9,0.5,0.6,801
2013,1,2013-12-01,0.4,0.9,0.5,0.6,802
2014,2,2015-09-01,1.0,0.9,0.5,0.6,802
2015,3,2017-12-01,0.75,0.9,0.5,0.6,802
2016,1,2013-12-01,0.4,0.9,0.5,0.6,803
2017,2,2015-09-01,1.0,0.9,0.5,0.6,803
2018,3,2017-12-01,0.75,0.9,0.5,0.6,803
2019,1,2013-12-01,0.4,0.9,0.5,0.6,804
2020,2,2015-09-01,0.6,0.9,0.5,0.6,804
2021,3,2017-12-01,0.75,0.9,0.5,0.6,804
2022,1,2013-12-01,0.4,0.9,0.5,0.6,805
2023,2,2015-09-01,0.4,0.9,0.5,0.6,805
2024,3,2017-12-01,0.75,0.9,0.5,0.6,805
2025,1,2013-12-01,0.4,0.9,0.5,0.6,806
2026,2,2015-09-01,1.0,0.9,0.5,0.6,806
2027,3,2017-12-01,0.75,0.9,0.5,0.6,806
2028,1,2013-12-01,0.4,0.9,0.5,0.6,807
2029,2,2015-09-01,0.0,0.9,0.5,0.6,807
2030,3,2017-12-01,0.75,0.9,0.5,0.6,807
2031,1,2013-12-01,0.4,0.9,0.5,0.6,808
2032,2,2015-09-01,0.6,0.9,0.5,0.6,808
2033,3,2017-12-01,0.75,0.9,0.5,0.6,808
2037,1,2013-12-01,0.4,0.9,0.5,0.6,810
2038,2,2015-09-01,1.0,0.9,0.5,0.6,810
2039,3,2017-12-01,0.75,0.9,0.5,0.6,810
2040,1,2013-12-01,0.4,0.9,0.5,0.6,811
2041,2,2015-09-01,1.0,0.9,0.5,0.6,811
2042,3,2017-12-01,0.75,0.9,0.5,0.6,811
2043,1,2013-12-01,0.4,0.9,0.5,0.6,812
2044,2,2015-09-01,0.5,0.9,0.5,0.6,812
2045,3,2017-12-01,0.75,0.9,0.5,0.6,812
2046,1,2013-12-01,0.4,0.9,0.5,0.6,813
2047,2,2015-09-01,0.882352941176471,0.9,0.5,0.6,813
2048,3,2017-12-01,0.75,0.9,0.5,0.6,813
2049,1,2013-12-01,0.4,0.9,0.5,0.6,814
2050,2,2015-09-01,0.7823529411764709,0.9,0.5,0.6,814
2051,3,2017-12-01,0.75,0.9,0.5,0.6,814
2052,1,2013-12-01,0.4,0.9,0.5,0.6,815
2053,2,2015-09-01,0.8148148148148149,0.9,0.5,0.6,815
2054,3,2017-12-01,0.75,0.9,0.5,0.6,815
2055,1,2013-12-01,0.4,0.9,0.5,0.6,816
2056,2,2015-09-01,0.7580314422419691,0.9,0.5,0.6,816
2057,3,2017-12-01,0.75,0.9,0.5,0.6,816
2058,1,2013-12-01,0.4,0.9,0.5,0.6,817
2059,2,2015-09-01,0.73821609862219,0.9,0.5,0.6,817
2060,3,2017-12-01,0.75,0.9,0.5,0.6,817
2061,1,2013-12-01,0.4,0.9,0.5,0.6,818
2062,2,2015-09-01,0.5531496062992131,0.9,0.5,0.6,818
2063,3,2017-12-01,0.75,0.9,0.5,0.6,818
2064,1,2013-12-01,0.4,0.9,0.5,0.6,819
2065,2,2015-09-01,0.25,0.9,0.5,0.6,819
2066,3,2017-12-01,0.75,0.9,0.5,0.6,819
2067,1,2013-12-01,0.4,0.9,0.5,0.6,820
2068,2,2015-09-01,0.375,0.9,0.5,0.6,820
2069,3,2017-12-01,0.75,0.9,0.5,0.6,820
2070,1,2013-12-01,0.4,0.9,0.5,0.6,821
2071,2,2015-09-01,0.111111111111111,0.9,0.5,0.6,821
2072,3,2017-12-01,0.75,0.9,0.5,0.6,821
2073,1,2013-12-01,0.4,0.9,0.5,0.6,822
2074,2,2015-09-01,1.0,0.9,0.5,0.6,822
2075,3,2017-12-01,0.75,0.9,0.5,0.6,822
2076,1,2013-12-01,0.4,0.9,0.5,0.6,823
2077,2,2015-09-01,1.0,0.9,0.5,0.6,823
2078,3,2017-12-01,0.75,0.9,0.5,0.6,823
2079,1,2013-12-01,0.4,0.9,0.5,0.6,824
2080,2,2015-09-01,1.0,0.9,0.5,0.6,824
2081,3,2017-12-01,0.75,0.9,0.5,0.6,824
2082,1,2013-12-01,0.4,0.9,0.5,0.6,825
2083,2,2015-09-01,1.0,0.9,0.5,0.6,825
2084,3,2017-12-01,0.75,0.9,0.5,0.6,825
2085,1,2013-12-01,0.4,0.9,0.5,0.6,826
2086,2,2015-09-01,0.4,0.9,0.5,0.6,826
2087,3,2017-12-01,0.75,0.9,0.5,0.6,826
2088,1,2013-12-01,0.4,0.9,0.5,0.6,827
2089,2,2015-09-01,0.25,0.9,0.5,0.6,827
2090,3,2017-12-01,0.75,0.9,0.5,0.6,827
2091,1,2013-12-01,0.4,0.9,0.5,0.6,831
2092,2,2015-09-01,0.25,0.9,0.5,0.6,831
2093,3,2017-12-01,0.75,0.9,0.5,0.6,831
2094,1,2013-12-01,0.4,0.9,0.5,0.6,832
2095,2,2015-09-01,0.7692307692307689,0.9,0.5,0.6,832
2096,3,2017-12-01,0.75,0.9,0.5,0.6,832
2097,1,2013-12-01,0.4,0.9,0.5,0.6,833
2098,2,2015-09-01,0.7450980392156858,0.9,0.5,0.6,833
2099,3,2017-12-01,0.75,0.9,0.5,0.6,833
2100,1,2013-12-01,0.4,0.9,0.5,0.6,834
2101,2,2015-09-01,0.666666666666667,0.9,0.5,0.6,834
2102,3,2017-12-01,0.75,0.9,0.5,0.6,834
2130,1,2013-12-01,0.4,0.9,0.5,0.6,846
2131,2,2015-09-01,0.42857142857142894,0.9,0.5,0.6,846
2132,3,2017-12-01,0.75,0.9,0.5,0.6,846
2133,1,2013-12-01,0.4,0.9,0.5,0.6,847
2134,2,2015-09-01,0.6744186046511629,0.9,0.5,0.6,847
2135,3,2017-12-01,0.75,0.9,0.5,0.6,847
2136,1,2013-12-01,0.4,0.9,0.5,0.6,848
2137,2,2015-09-01,0.62962962962963,0.9,0.5,0.6,848
2138,3,2017-12-01,0.75,0.9,0.5,0.6,848
2139,1,2013-12-01,0.4,0.9,0.5,0.6,849
2140,2,2015-09-01,0.9487179487179492,0.9,0.5,0.6,849
2141,3,2017-12-01,0.75,0.9,0.5,0.6,849
2142,1,2013-12-01,0.4,0.9,0.5,0.6,850
2143,2,2015-09-01,0.7453580901856759,0.9,0.5,0.6,850
2144,3,2017-12-01,0.75,0.9,0.5,0.6,850
2145,1,2013-12-01,0.4,0.9,0.5,0.6,851
2146,2,2015-09-01,0.857142857142857,0.9,0.5,0.6,851
2147,3,2017-12-01,0.75,0.9,0.5,0.6,851
2148,1,2013-12-01,0.4,0.9,0.5,0.6,852
2149,2,2015-09-01,0.818452380952381,0.9,0.5,0.6,852
2150,3,2017-12-01,0.75,0.9,0.5,0.6,852
2151,1,2013-12-01,0.4,0.9,0.5,0.6,853
2152,2,2015-09-01,0.787327021121631,0.9,0.5,0.6,853
2153,3,2017-12-01,0.75,0.9,0.5,0.6,853
2154,1,2013-12-01,0.4,0.9,0.5,0.6,854
2155,2,2015-09-01,0.6998284734133791,0.9,0.5,0.6,854
2156,3,2017-12-01,0.75,0.9,0.5,0.6,854
2157,1,2013-12-01,0.4,0.9,0.5,0.6,855
2158,2,2015-09-01,0.40888888888888897,0.9,0.5,0.6,855
2159,3,2017-12-01,0.75,0.9,0.5,0.6,855
2160,1,2013-12-01,0.4,0.9,0.5,0.6,856
2161,2,2015-09-01,0.310810810810811,0.9,0.5,0.6,856
2162,3,2017-12-01,0.75,0.9,0.5,0.6,856
2163,1,2013-12-01,0.4,0.9,0.5,0.6,857
2164,2,2015-09-01,0.421052631578947,0.9,0.5,0.6,857
2165,3,2017-12-01,0.75,0.9,0.5,0.6,857
2166,1,2013-12-01,0.4,0.9,0.5,0.6,858
2167,2,2015-09-01,0.633333333333333,0.9,0.5,0.6,858
2168,3,2017-12-01,0.75,0.9,0.5,0.6,858
2169,1,2013-12-01,0.4,0.9,0.5,0.6,859
2170,2,2015-09-01,0.8,0.9,0.5,0.6,859
2171,3,2017-12-01,0.75,0.9,0.5,0.6,859
2172,1,2013-12-01,0.4,0.9,0.5,0.6,860
2173,2,2015-09-01,1.0,0.9,0.5,0.6,860
2174,3,2017-12-01,0.75,0.9,0.5,0.6,860
2175,1,2013-12-01,0.4,0.9,0.5,0.6,861
2176,2,2015-09-01,1.0,0.9,0.5,0.6,861
2177,3,2017-12-01,0.75,0.9,0.5,0.6,861
2178,1,2013-12-01,0.4,0.9,0.5,0.6,862
2179,2,2015-09-01,1.0,0.9,0.5,0.6,862
2180,3,2017-12-01,0.75,0.9,0.5,0.6,862
2181,1,2013-12-01,0.4,0.9,0.5,0.6,863
2182,2,2015-09-01,0.6363636363636359,0.9,0.5,0.6,863
2183,3,2017-12-01,0.75,0.9,0.5,0.6,863
2184,1,2013-12-01,0.4,0.9,0.5,0.6,865
2185,2,2015-09-01,1.0,0.9,0.5,0.6,865
2186,3,2017-12-01,0.75,0.9,0.5,0.6,865
2187,1,2013-12-01,0.4,0.9,0.5,0.6,866
2188,2,2015-09-01,0.833333333333333,0.9,0.5,0.6,866
2189,3,2017-12-01,0.75,0.9,0.5,0.6,866
2190,1,2013-12-01,0.4,0.9,0.5,0.6,867
2191,2,2015-09-01,1.0,0.9,0.5,0.6,867
2192,3,2017-12-01,0.75,0.9,0.5,0.6,867
2193,1,2013-12-01,0.4,0.9,0.5,0.6,868
2194,2,2015-09-01,0.857142857142857,0.9,0.5,0.6,868
2195,3,2017-12-01,0.75,0.9,0.5,0.6,868
2196,1,2013-12-01,0.4,0.9,0.5,0.6,869
2197,2,2015-09-01,1.0,0.9,0.5,0.6,869
2198,3,2017-12-01,0.75,0.9,0.5,0.6,869
2199,1,2013-12-01,0.4,0.9,0.5,0.6,870
2200,2,2015-09-01,1.0,0.9,0.5,0.6,870
2201,3,2017-12-01,0.75,0.9,0.5,0.6,870
2202,1,2013-12-01,0.4,0.9,0.5,0.6,874
2203,2,2015-09-01,0.0,0.9,0.5,0.6,874
2204,3,2017-12-01,0.75,0.9,0.5,0.6,874
2244,1,2013-12-01,0.4,0.9,0.5,0.6,889
2245,2,2015-09-01,0.672131147540984,0.9,0.5,0.6,889
2246,3,2017-12-01,0.75,0.9,0.5,0.6,889
2247,1,2013-12-01,0.4,0.9,0.5,0.6,890
2248,2,2015-09-01,0.7142857142857142,0.9,0.5,0.6,890
2249,3,2017-12-01,0.75,0.9,0.5,0.6,890
2250,1,2013-12-01,0.4,0.9,0.5,0.6,891
2251,2,2015-09-01,0.470588235294118,0.9,0.5,0.6,891
2252,3,2017-12-01,0.75,0.9,0.5,0.6,891
2253,1,2013-12-01,0.4,0.9,0.5,0.6,892
2254,2,2015-09-01,0.62278978388998,0.9,0.5,0.6,892
2255,3,2017-12-01,0.75,0.9,0.5,0.6,892
2256,1,2013-12-01,0.4,0.9,0.5,0.6,893
2257,2,2015-09-01,0.6636771300448431,0.9,0.5,0.6,893
2258,3,2017-12-01,0.75,0.9,0.5,0.6,893
2259,1,2013-12-01,0.4,0.9,0.5,0.6,894
2260,2,2015-09-01,0.666666666666667,0.9,0.5,0.6,894
2261,3,2017-12-01,0.75,0.9,0.5,0.6,894
2262,1,2013-12-01,0.4,0.9,0.5,0.6,896
2263,2,2015-09-01,0.5714285714285711,0.9,0.5,0.6,896
2264,3,2017-12-01,0.75,0.9,0.5,0.6,896
2265,1,2013-12-01,0.4,0.9,0.5,0.6,897
2266,2,2015-09-01,0.4,0.9,0.5,0.6,897
2267,3,2017-12-01,0.75,0.9,0.5,0.6,897
2268,1,2013-12-01,0.4,0.9,0.5,0.6,898
2269,2,2015-09-01,0.725,0.9,0.5,0.6,898
2270,3,2017-12-01,0.75,0.9,0.5,0.6,898
2271,1,2013-12-01,0.4,0.9,0.5,0.6,899
2272,2,2015-09-01,0.4615384615384621,0.9,0.5,0.6,899
2273,3,2017-12-01,0.75,0.9,0.5,0.6,899
2274,1,2013-12-01,0.4,0.9,0.5,0.6,900
2275,2,2015-09-01,0.96551724137931,0.9,0.5,0.6,900
2276,3,2017-12-01,0.75,0.9,0.5,0.6,900
2277,1,2013-12-01,0.4,0.9,0.5,0.6,901
2278,2,2015-09-01,0.526315789473684,0.9,0.5,0.6,901
2279,3,2017-12-01,0.75,0.9,0.5,0.6,901
2280,1,2013-12-01,0.4,0.9,0.5,0.6,902
2281,2,2015-09-01,0.875,0.9,0.5,0.6,902
2282,3,2017-12-01,0.75,0.9,0.5,0.6,902
2283,1,2013-12-01,0.4,0.9,0.5,0.6,903
2284,2,2015-09-01,0.666666666666667,0.9,0.5,0.6,903
2285,3,2017-12-01,0.75,0.9,0.5,0.6,903
2286,1,2013-12-01,0.4,0.9,0.5,0.6,904
2287,2,2015-09-01,1.0,0.9,0.5,0.6,904
2288,3,2017-12-01,0.75,0.9,0.5,0.6,904
2289,1,2013-12-01,0.4,0.9,0.5,0.6,905
2290,2,2015-09-01,0.857142857142857,0.9,0.5,0.6,905
2291,3,2017-12-01,0.75,0.9,0.5,0.6,905
2292,1,2013-12-01,0.4,0.9,0.5,0.6,906
2293,2,2015-09-01,1.0,0.9,0.5,0.6,906
2294,3,2017-12-01,0.75,0.9,0.5,0.6,906
2295,1,2013-12-01,0.4,0.9,0.5,0.6,907
2296,2,2015-09-01,0.6428571428571429,0.9,0.5,0.6,907
2297,3,2017-12-01,0.75,0.9,0.5,0.6,907
2298,1,2013-12-01,0.4,0.9,0.5,0.6,908
2299,2,2015-09-01,0.0,0.9,0.5,0.6,908
2300,3,2017-12-01,0.75,0.9,0.5,0.6,908
2301,1,2013-12-01,0.4,0.9,0.5,0.6,909
2302,2,2015-09-01,1.0,0.9,0.5,0.6,909
2303,3,2017-12-01,0.75,0.9,0.5,0.6,909
2304,1,2013-12-01,0.4,0.9,0.5,0.6,910
2305,2,2015-09-01,0.5,0.9,0.5,0.6,910
2306,3,2017-12-01,0.75,0.9,0.5,0.6,910
2307,1,2013-12-01,0.4,0.9,0.5,0.6,911
2308,2,2015-09-01,0.961538461538462,0.9,0.5,0.6,911
2309,3,2017-12-01,0.75,0.9,0.5,0.6,911
2310,1,2013-12-01,0.4,0.9,0.5,0.6,914
2311,2,2015-09-01,0.25,0.9,0.5,0.6,914
2312,3,2017-12-01,0.75,0.9,0.5,0.6,914
2313,1,2013-12-01,0.4,0.9,0.5,0.6,916
2314,2,2015-09-01,1.0,0.9,0.5,0.6,916
2315,3,2017-12-01,0.75,0.9,0.5,0.6,916
2316,1,2013-12-01,0.4,0.9,0.5,0.6,917
2317,2,2015-09-01,0.9090909090909092,0.9,0.5,0.6,917
2318,3,2017-12-01,0.75,0.9,0.5,0.6,917
2337,1,2013-12-01,0.4,0.9,0.5,0.6,929
2338,2,2015-09-01,0.6206896551724139,0.9,0.5,0.6,929
2339,3,2017-12-01,0.75,0.9,0.5,0.6,929
2340,1,2013-12-01,0.4,0.9,0.5,0.6,930
2341,2,2015-09-01,0.666666666666667,0.9,0.5,0.6,930
2342,3,2017-12-01,0.75,0.9,0.5,0.6,930
2343,1,2013-12-01,0.4,0.9,0.5,0.6,931
2344,2,2015-09-01,0.8846153846153849,0.9,0.5,0.6,931
2345,3,2017-12-01,0.75,0.9,0.5,0.6,931
2346,1,2013-12-01,0.4,0.9,0.5,0.6,932
2347,2,2015-09-01,0.686021505376344,0.9,0.5,0.6,932
2348,3,2017-12-01,0.75,0.9,0.5,0.6,932
2349,1,2013-12-01,0.4,0.9,0.5,0.6,933
2350,2,2015-09-01,0.939024390243902,0.9,0.5,0.6,933
2351,3,2017-12-01,0.75,0.9,0.5,0.6,933
2352,1,2013-12-01,0.4,0.9,0.5,0.6,934
2353,2,2015-09-01,0.0,0.9,0.5,0.6,934
2354,3,2017-12-01,0.75,0.9,0.5,0.6,934
2355,1,2013-12-01,0.4,0.9,0.5,0.6,935
2356,2,2015-09-01,0.586206896551724,0.9,0.5,0.6,935
2357,3,2017-12-01,0.75,0.9,0.5,0.6,935
2358,1,2013-12-01,0.4,0.9,0.5,0.6,936
2359,2,2015-09-01,0.805555555555556,0.9,0.5,0.6,936
2360,3,2017-12-01,0.75,0.9,0.5,0.6,936
2361,1,2013-12-01,0.4,0.9,0.5,0.6,937
2362,2,2015-09-01,0.771084337349398,0.9,0.5,0.6,937
2363,3,2017-12-01,0.75,0.9,0.5,0.6,937
2364,1,2013-12-01,0.4,0.9,0.5,0.6,938
2365,2,2015-09-01,0.7,0.9,0.5,0.6,938
2366,3,2017-12-01,0.75,0.9,0.5,0.6,938
2367,1,2013-12-01,0.4,0.9,0.5,0.6,939
2368,2,2015-09-01,0.8888888888888891,0.9,0.5,0.6,939
2369,3,2017-12-01,0.75,0.9,0.5,0.6,939
2370,1,2013-12-01,0.4,0.9,0.5,0.6,940
2371,2,2015-09-01,0.0,0.9,0.5,0.6,940
2372,3,2017-12-01,0.75,0.9,0.5,0.6,940
2373,1,2013-12-01,0.4,0.9,0.5,0.6,942
2374,2,2015-09-01,0.363636363636364,0.9,0.5,0.6,942
2375,3,2017-12-01,0.75,0.9,0.5,0.6,942
2376,1,2013-12-01,0.4,0.9,0.5,0.6,943
2377,2,2015-09-01,0.42857142857142894,0.9,0.5,0.6,943
2378,3,2017-12-01,0.75,0.9,0.5,0.6,943
2379,1,2013-12-01,0.4,0.9,0.5,0.6,944
2380,2,2015-09-01,0.4782608695652171,0.9,0.5,0.6,944
2381,3,2017-12-01,0.75,0.9,0.5,0.6,944
2382,1,2013-12-01,0.4,0.9,0.5,0.6,945
2383,2,2015-09-01,0.0,0.9,0.5,0.6,945
2384,3,2017-12-01,0.75,0.9,0.5,0.6,945
2385,1,2013-12-01,0.4,0.9,0.5,0.6,946
2386,2,2015-09-01,1.0,0.9,0.5,0.6,946
2387,3,2017-12-01,0.75,0.9,0.5,0.6,946
2388,1,2013-12-01,0.4,0.9,0.5,0.6,947
2389,2,2015-09-01,1.0,0.9,0.5,0.6,947
2390,3,2017-12-01,0.75,0.9,0.5,0.6,947
2391,1,2013-12-01,0.4,0.9,0.5,0.6,948
2392,2,2015-09-01,1.0,0.9,0.5,0.6,948
2393,3,2017-12-01,0.75,0.9,0.5,0.6,948
2394,1,2013-12-01,0.4,0.9,0.5,0.6,949
2395,2,2015-09-01,0.80952380952381,0.9,0.5,0.6,949
2396,3,2017-12-01,0.75,0.9,0.5,0.6,949
2397,1,2013-12-01,0.4,0.9,0.5,0.6,950
2398,2,2015-09-01,1.0,0.9,0.5,0.6,950
2399,3,2017-12-01,0.75,0.9,0.5,0.6,950
2400,1,2013-12-01,0.4,0.9,0.5,0.6,951
2401,2,2015-09-01,0.8,0.9,0.5,0.6,951
2402,3,2017-12-01,0.75,0.9,0.5,0.6,951
2403,1,2013-12-01,0.4,0.9,0.5,0.6,952
2404,2,2015-09-01,1.0,0.9,0.5,0.6,952
2405,3,2017-12-01,0.75,0.9,0.5,0.6,952
2406,1,2013-12-01,0.4,0.9,0.5,0.6,953
2407,2,2015-09-01,0.0,0.9,0.5,0.6,953
2408,3,2017-12-01,0.75,0.9,0.5,0.6,953
2409,1,2013-12-01,0.4,0.9,0.5,0.6,955
2410,2,2015-09-01,1.0,0.9,0.5,0.6,955
2411,3,2017-12-01,0.75,0.9,0.5,0.6,955
2418,1,2013-12-01,0.4,0.9,0.5,0.6,959
2419,2,2015-09-01,0.647058823529412,0.9,0.5,0.6,959
2420,3,2017-12-01,0.75,0.9,0.5,0.6,959
2421,1,2013-12-01,0.4,0.9,0.5,0.6,960
2422,2,2015-09-01,0.452380952380952,0.9,0.5,0.6,960
2423,3,2017-12-01,0.75,0.9,0.5,0.6,960
2424,1,2013-12-01,0.4,0.9,0.5,0.6,961
2425,2,2015-09-01,0.0,0.9,0.5,0.6,961
2426,3,2017-12-01,0.75,0.9,0.5,0.6,961
2427,1,2013-12-01,0.4,0.9,0.5,0.6,962
2428,2,2015-09-01,0.7872340425531921,0.9,0.5,0.6,962
2429,3,2017-12-01,0.75,0.9,0.5,0.6,962
2430,1,2013-12-01,0.4,0.9,0.5,0.6,963
2431,2,2015-09-01,0.7941176470588229,0.9,0.5,0.6,963
2432,3,2017-12-01,0.75,0.9,0.5,0.6,963
2433,1,2013-12-01,0.4,0.9,0.5,0.6,964
2434,2,2015-09-01,0.983050847457627,0.9,0.5,0.6,964
2435,3,2017-12-01,0.75,0.9,0.5,0.6,964
2436,1,2013-12-01,0.4,0.9,0.5,0.6,965
2437,2,2015-09-01,1.0,0.9,0.5,0.6,965
2438,3,2017-12-01,0.75,0.9,0.5,0.6,965
2439,1,2013-12-01,0.4,0.9,0.5,0.6,966
2440,2,2015-09-01,0.7440758293838861,0.9,0.5,0.6,966
2441,3,2017-12-01,0.75,0.9,0.5,0.6,966
2442,1,2013-12-01,0.4,0.9,0.5,0.6,967
2443,2,2015-09-01,0.67515923566879,0.9,0.5,0.6,967
2444,3,2017-12-01,0.75,0.9,0.5,0.6,967
2445,1,2013-12-01,0.4,0.9,0.5,0.6,968
2446,2,2015-09-01,0.62,0.9,0.5,0.6,968
2447,3,2017-12-01,0.75,0.9,0.5,0.6,968
2448,1,2013-12-01,0.4,0.9,0.5,0.6,969
2449,2,2015-09-01,1.0,0.9,0.5,0.6,969
2450,3,2017-12-01,0.75,0.9,0.5,0.6,969
2451,1,2013-12-01,0.4,0.9,0.5,0.6,971
2452,2,2015-09-01,1.0,0.9,0.5,0.6,971
2453,3,2017-12-01,0.75,0.9,0.5,0.6,971
2454,1,2013-12-01,0.4,0.9,0.5,0.6,972
2455,2,2015-09-01,1.0,0.9,0.5,0.6,972
2456,3,2017-12-01,0.75,0.9,0.5,0.6,972
2457,1,2013-12-01,0.4,0.9,0.5,0.6,973
2458,2,2015-09-01,0.7586206896551719,0.9,0.5,0.6,973
2459,3,2017-12-01,0.75,0.9,0.5,0.6,973
2460,1,2013-12-01,0.4,0.9,0.5,0.6,974
2461,2,2015-09-01,0.6363636363636359,0.9,0.5,0.6,974
2462,3,2017-12-01,0.75,0.9,0.5,0.6,974
2463,1,2013-12-01,0.4,0.9,0.5,0.6,975
2464,2,2015-09-01,1.0,0.9,0.5,0.6,975
2465,3,2017-12-01,0.75,0.9,0.5,0.6,975
2466,1,2013-12-01,0.4,0.9,0.5,0.6,976
2467,2,2015-09-01,0.3,0.9,0.5,0.6,976
2468,3,2017-12-01,0.75,0.9,0.5,0.6,976
2469,1,2013-12-01,0.4,0.9,0.5,0.6,977
2470,2,2015-09-01,0.8888888888888891,0.9,0.5,0.6,977
2471,3,2017-12-01,0.75,0.9,0.5,0.6,977
2472,1,2013-12-01,0.4,0.9,0.5,0.6,978
2473,2,2015-09-01,0.7407407407407409,0.9,0.5,0.6,978
2474,3,2017-12-01,0.75,0.9,0.5,0.6,978
2475,1,2013-12-01,0.4,0.9,0.5,0.6,979
2476,2,2015-09-01,0.9736842105263158,0.9,0.5,0.6,979
2477,3,2017-12-01,0.75,0.9,0.5,0.6,979
2478,1,2013-12-01,0.4,0.9,0.5,0.6,980
2479,2,2015-09-01,1.0,0.9,0.5,0.6,980
2480,3,2017-12-01,0.75,0.9,0.5,0.6,980
2481,1,2013-12-01,0.4,0.9,0.5,0.6,981
2482,2,2015-09-01,0.6428571428571429,0.9,0.5,0.6,981
2483,3,2017-12-01,0.75,0.9,0.5,0.6,981
2484,1,2013-12-01,0.4,0.9,0.5,0.6,982
2485,2,2015-09-01,0.7191011235955059,0.9,0.5,0.6,982
2486,3,2017-12-01,0.75,0.9,0.5,0.6,982
2487,1,2013-12-01,0.4,0.9,0.5,0.6,983
2488,2,2015-09-01,0.826086956521739,0.9,0.5,0.6,983
2489,3,2017-12-01,0.75,0.9,0.5,0.6,983
2490,1,2013-12-01,0.4,0.9,0.5,0.6,984
2491,2,2015-09-01,0.545454545454545,0.9,0.5,0.6,984
2492,3,2017-12-01,0.75,0.9,0.5,0.6,984
2493,1,2013-12-01,0.4,0.9,0.5,0.6,985
2494,2,2015-09-01,0.0,0.9,0.5,0.6,985
2495,3,2017-12-01,0.75,0.9,0.5,0.6,985
2496,1,2013-12-01,0.4,0.9,0.5,0.6,986
2497,2,2015-09-01,0.816091954022989,0.9,0.5,0.6,986
2498,3,2017-12-01,0.75,0.9,0.5,0.6,986
2499,1,2013-12-01,0.4,0.9,0.5,0.6,987
2500,2,2015-09-01,0.907258064516129,0.9,0.5,0.6,987
2501,3,2017-12-01,0.75,0.9,0.5,0.6,987
2502,1,2013-12-01,0.4,0.9,0.5,0.6,988
2503,2,2015-09-01,0.95,0.9,0.5,0.6,988
2504,3,2017-12-01,0.75,0.9,0.5,0.6,988
2505,1,2013-12-01,0.4,0.9,0.5,0.6,989
2506,2,2015-09-01,0.6923076923076921,0.9,0.5,0.6,989
2507,3,2017-12-01,0.75,0.9,0.5,0.6,989
2508,1,2013-12-01,0.4,0.9,0.5,0.6,990
2509,2,2015-09-01,0.6507936507936509,0.9,0.5,0.6,990
2510,3,2017-12-01,0.75,0.9,0.5,0.6,990
2511,1,2013-12-01,0.4,0.9,0.5,0.6,992
2512,2,2015-09-01,1.0,0.9,0.5,0.6,992
2513,3,2017-12-01,0.75,0.9,0.5,0.6,992
2514,1,2013-12-01,0.4,0.9,0.5,0.6,993
2515,2,2015-09-01,0.75,0.9,0.5,0.6,993
2516,3,2017-12-01,0.75,0.9,0.5,0.6,993
2517,1,2013-12-01,0.4,0.9,0.5,0.6,994
2518,2,2015-09-01,0.75,0.9,0.5,0.6,994
2519,3,2017-12-01,0.75,0.9,0.5,0.6,994
2520,1,2013-12-01,0.4,0.9,0.5,0.6,995
2521,2,2015-09-01,0.272727272727273,0.9,0.5,0.6,995
2522,3,2017-12-01,0.75,0.9,0.5,0.6,995
2538,1,2013-12-01,0.4,0.9,0.5,0.6,1002
2539,2,2015-09-01,0.7,0.9,0.5,0.6,1002
2540,3,2017-12-01,0.75,0.9,0.5,0.6,1002
2541,1,2013-12-01,0.4,0.9,0.5,0.6,1003
2542,2,2015-09-01,0.833333333333333,0.9,0.5,0.6,1003
2543,3,2017-12-01,0.75,0.9,0.5,0.6,1003
2544,1,2013-12-01,0.4,0.9,0.5,0.6,1004
2545,2,2015-09-01,0.615384615384615,0.9,0.5,0.6,1004
2546,3,2017-12-01,0.75,0.9,0.5,0.6,1004
2547,1,2013-12-01,0.4,0.9,0.5,0.6,1005
2548,2,2015-09-01,0.903846153846154,0.9,0.5,0.6,1005
2549,3,2017-12-01,0.75,0.9,0.5,0.6,1005
2550,1,2013-12-01,0.4,0.9,0.5,0.6,1006
2551,2,2015-09-01,0.891089108910891,0.9,0.5,0.6,1006
2552,3,2017-12-01,0.75,0.9,0.5,0.6,1006
2553,1,2013-12-01,0.4,0.9,0.5,0.6,1008
2554,2,2015-09-01,0.8734177215189871,0.9,0.5,0.6,1008
2555,3,2017-12-01,0.75,0.9,0.5,0.6,1008
2556,1,2013-12-01,0.4,0.9,0.5,0.6,1009
2557,2,2015-09-01,1.0,0.9,0.5,0.6,1009
2558,3,2017-12-01,0.75,0.9,0.5,0.6,1009
2559,1,2013-12-01,0.4,0.9,0.5,0.6,1010
2560,2,2015-09-01,0.9,0.9,0.5,0.6,1010
2561,3,2017-12-01,0.75,0.9,0.5,0.6,1010
2562,1,2013-12-01,0.4,0.9,0.5,0.6,1011
2563,2,2015-09-01,0.9647058823529407,0.9,0.5,0.6,1011
2564,3,2017-12-01,0.75,0.9,0.5,0.6,1011
2565,1,2013-12-01,0.4,0.9,0.5,0.6,1012
2566,2,2015-09-01,0.33333333333333304,0.9,0.5,0.6,1012
2567,3,2017-12-01,0.75,0.9,0.5,0.6,1012
2568,1,2013-12-01,0.4,0.9,0.5,0.6,1013
2569,2,2015-09-01,1.0,0.9,0.5,0.6,1013
2570,3,2017-12-01,0.75,0.9,0.5,0.6,1013
2571,1,2013-12-01,0.4,0.9,0.5,0.6,1014
2572,2,2015-09-01,0.0,0.9,0.5,0.6,1014
2573,3,2017-12-01,0.75,0.9,0.5,0.6,1014
2574,1,2013-12-01,0.4,0.9,0.5,0.6,1015
2575,2,2015-09-01,0.5,0.9,0.5,0.6,1015
2576,3,2017-12-01,0.75,0.9,0.5,0.6,1015
2589,1,2013-12-01,0.4,0.9,0.5,0.6,1020
2590,2,2015-09-01,0.32258064516129,0.9,0.5,0.6,1020
2591,3,2017-12-01,0.75,0.9,0.5,0.6,1020
2592,1,2013-12-01,0.4,0.9,0.5,0.6,1021
2593,2,2015-09-01,0.5,0.9,0.5,0.6,1021
2594,3,2017-12-01,0.75,0.9,0.5,0.6,1021
2595,1,2013-12-01,0.4,0.9,0.5,0.6,1022
2596,2,2015-09-01,0.8125,0.9,0.5,0.6,1022
2597,3,2017-12-01,0.75,0.9,0.5,0.6,1022
2598,1,2013-12-01,0.4,0.9,0.5,0.6,1023
2599,2,2015-09-01,0.8426966292134829,0.9,0.5,0.6,1023
2600,3,2017-12-01,0.75,0.9,0.5,0.6,1023
2601,1,2013-12-01,0.4,0.9,0.5,0.6,1026
2602,2,2015-09-01,0.698224852071006,0.9,0.5,0.6,1026
2603,3,2017-12-01,0.75,0.9,0.5,0.6,1026
2604,1,2013-12-01,0.4,0.9,0.5,0.6,1027
2605,2,2015-09-01,0.825,0.9,0.5,0.6,1027
2606,3,2017-12-01,0.75,0.9,0.5,0.6,1027
2607,1,2013-12-01,0.4,0.9,0.5,0.6,1028
2608,2,2015-09-01,0.444444444444444,0.9,0.5,0.6,1028
2609,3,2017-12-01,0.75,0.9,0.5,0.6,1028
2610,1,2013-12-01,0.4,0.9,0.5,0.6,1029
2611,2,2015-09-01,1.0,0.9,0.5,0.6,1029
2612,3,2017-12-01,0.75,0.9,0.5,0.6,1029
2622,1,2013-12-01,0.4,0.9,0.5,0.6,1036
2623,2,2015-09-01,0.575757575757576,0.9,0.5,0.6,1036
2624,3,2017-12-01,0.75,0.9,0.5,0.6,1036
2625,1,2013-12-01,0.4,0.9,0.5,0.6,1037
2626,2,2015-09-01,0.8253275109170308,0.9,0.5,0.6,1037
2627,3,2017-12-01,0.75,0.9,0.5,0.6,1037
2628,1,2013-12-01,0.4,0.9,0.5,0.6,1038
2629,2,2015-09-01,0.9032258064516128,0.9,0.5,0.6,1038
2630,3,2017-12-01,0.75,0.9,0.5,0.6,1038
2631,1,2013-12-01,0.4,0.9,0.5,0.6,1039
2632,2,2015-09-01,0.7460317460317459,0.9,0.5,0.6,1039
2633,3,2017-12-01,0.75,0.9,0.5,0.6,1039
2634,1,2013-12-01,0.4,0.9,0.5,0.6,1040
2635,2,2015-09-01,1.0,0.9,0.5,0.6,1040
2636,3,2017-12-01,0.75,0.9,0.5,0.6,1040
2637,1,2013-12-01,0.4,0.9,0.5,0.6,1043
2638,2,2015-09-01,0.886792452830189,0.9,0.5,0.6,1043
2639,3,2017-12-01,0.75,0.9,0.5,0.6,1043
2640,1,2013-12-01,0.4,0.9,0.5,0.6,1044
2641,2,2015-09-01,1.0,0.9,0.5,0.6,1044
2642,3,2017-12-01,0.75,0.9,0.5,0.6,1044
2643,1,2013-12-01,0.4,0.9,0.5,0.6,1046
2644,2,2015-09-01,0.833333333333333,0.9,0.5,0.6,1046
2645,3,2017-12-01,0.75,0.9,0.5,0.6,1046
2646,1,2013-12-01,0.4,0.9,0.5,0.6,1047
2647,2,2015-09-01,1.0,0.9,0.5,0.6,1047
2648,3,2017-12-01,0.75,0.9,0.5,0.6,1047
2649,1,2013-12-01,0.4,0.9,0.5,0.6,1048
2650,2,2015-09-01,1.0,0.9,0.5,0.6,1048
2651,3,2017-12-01,0.75,0.9,0.5,0.6,1048
2652,1,2013-12-01,0.4,0.9,0.5,0.6,1049
2653,2,2015-09-01,0.0,0.9,0.5,0.6,1049
2654,3,2017-12-01,0.75,0.9,0.5,0.6,1049
2661,1,2013-12-01,0.4,0.9,0.5,0.6,1054
2662,2,2015-09-01,0.793650793650794,0.9,0.5,0.6,1054
2663,3,2017-12-01,0.75,0.9,0.5,0.6,1054
2664,1,2013-12-01,0.4,0.9,0.5,0.6,1055
2665,2,2015-09-01,0.817518248175182,0.9,0.5,0.6,1055
2666,3,2017-12-01,0.75,0.9,0.5,0.6,1055
2667,1,2013-12-01,0.4,0.9,0.5,0.6,1059
2668,2,2015-09-01,1.0,0.9,0.5,0.6,1059
2669,3,2017-12-01,0.75,0.9,0.5,0.6,1059
2670,1,2013-12-01,0.4,0.9,0.5,0.6,1060
2671,2,2015-09-01,1.0,0.9,0.5,0.6,1060
2672,3,2017-12-01,0.75,0.9,0.5,0.6,1060
2679,1,2013-12-01,0.4,0.9,0.5,0.6,1064
2680,2,2015-09-01,0.7692307692307689,0.9,0.5,0.6,1064
2681,3,2017-12-01,0.75,0.9,0.5,0.6,1064
2682,1,2013-12-01,0.4,0.9,0.5,0.6,1067
2683,2,2015-09-01,1.0,0.9,0.5,0.6,1067
2684,3,2017-12-01,0.75,0.9,0.5,0.6,1067
2694,1,2013-12-01,0.4,0.9,0.5,0.6,1079
2695,2,2015-09-01,1.0,0.9,0.5,0.6,1079
2696,3,2017-12-01,0.75,0.9,0.5,0.6,1079
2697,1,2013-12-01,0.4,0.9,0.5,0.6,1080
2698,2,2015-09-01,1.0,0.9,0.5,0.6,1080
2699,3,2017-12-01,0.75,0.9,0.5,0.6,1080
2700,1,2013-12-01,0.4,0.9,0.5,0.6,1081
2701,2,2015-09-01,1.0,0.9,0.5,0.6,1081
2702,3,2017-12-01,0.75,0.9,0.5,0.6,1081
2715,1,2013-12-01,0.4,0.9,0.5,0.6,1089
2716,2,2015-09-01,1.0,0.9,0.5,0.6,1089
2717,3,2017-12-01,0.75,0.9,0.5,0.6,1089
2718,1,2013-12-01,0.4,0.9,0.5,0.6,1090
2719,2,2015-09-01,0.826086956521739,0.9,0.5,0.6,1090
2720,3,2017-12-01,0.75,0.9,0.5,0.6,1090
2721,1,2013-12-01,0.4,0.9,0.5,0.6,1091
2722,2,2015-09-01,0.9047619047619052,0.9,0.5,0.6,1091
2723,3,2017-12-01,0.75,0.9,0.5,0.6,1091
2724,1,2013-12-01,0.4,0.9,0.5,0.6,1092
2725,2,2015-09-01,1.0,0.9,0.5,0.6,1092
2726,3,2017-12-01,0.75,0.9,0.5,0.6,1092
2739,1,2013-12-01,0.4,0.9,0.5,0.6,1106
2740,2,2015-09-01,0.676923076923077,0.9,0.5,0.6,1106
2741,3,2017-12-01,0.75,0.9,0.5,0.6,1106
2751,1,2013-12-01,0.4,0.9,0.5,0.6,1119
2752,2,2015-09-01,0.875,0.9,0.5,0.6,1119
2753,3,2017-12-01,0.75,0.9,0.5,0.6,1119
2754,1,2013-12-01,0.4,0.9,0.5,0.6,1120
2755,2,2015-09-01,0.48,0.9,0.5,0.6,1120
2756,3,2017-12-01,0.75,0.9,0.5,0.6,1120
2766,1,2013-12-01,0.4,0.9,0.5,0.6,1128
2767,2,2015-09-01,1.0,0.9,0.5,0.6,1128
2768,3,2017-12-01,0.75,0.9,0.5,0.6,1128
2784,1,2013-12-01,0.4,0.9,0.5,0.6,1142
2785,2,2015-09-01,0.545454545454545,0.9,0.5,0.6,1142
2786,3,2017-12-01,0.75,0.9,0.5,0.6,1142
2805,1,2013-12-01,0.4,0.9,0.5,0.6,1154
2806,2,2015-09-01,0.78,0.9,0.5,0.6,1154
2807,3,2017-12-01,0.75,0.9,0.5,0.6,1154
2808,1,2013-12-01,0.4,0.9,0.5,0.6,1155
2809,2,2015-09-01,1.0,0.9,0.5,0.6,1155
2810,3,2017-12-01,0.75,0.9,0.5,0.6,1155
2832,1,2013-12-01,0.4,0.9,0.5,0.6,1168
2833,2,2015-09-01,0.842105263157895,0.9,0.5,0.6,1168
2834,3,2017-12-01,0.75,0.9,0.5,0.6,1168
2835,1,2013-12-01,0.4,0.9,0.5,0.6,1169
2836,2,2015-09-01,0.8888888888888891,0.9,0.5,0.6,1169
2837,3,2017-12-01,0.75,0.9,0.5,0.6,1169
2868,1,2013-12-01,0.4,0.9,0.5,0.6,1187
2869,2,2015-09-01,0.5714285714285711,0.9,0.5,0.6,1187
2870,3,2017-12-01,0.75,0.9,0.5,0.6,1187
2871,1,2013-12-01,0.4,0.9,0.5,0.6,1188
2872,2,2015-09-01,1.0,0.9,0.5,0.6,1188
2873,3,2017-12-01,0.75,0.9,0.5,0.6,1188
2904,1,2013-12-01,0.4,0.9,0.5,0.6,1205
2905,2,2015-09-01,0.7,0.9,0.5,0.6,1205
2906,3,2017-12-01,0.75,0.9,0.5,0.6,1205
2907,1,2013-12-01,0.4,0.9,0.5,0.6,1206
2908,2,2015-09-01,0.75,0.9,0.5,0.6,1206
2909,3,2017-12-01,0.75,0.9,0.5,0.6,1206
