Unnamed: 0,grid_cell,event,fulldate,cov_all,killing,box_duration,exp_duration
1840,543,1,2014-09-01,0.0,0.6,1,90
1841,543,2,2015-09-01,0.0,0.9,210,30
1842,543,3,2016-09-01,0.0,0.9,210,30
1843,543,4,2017-10-01,0.73,0.9,210,30
1844,544,1,2014-09-01,0.25,0.6,1,90
1845,544,2,2015-09-01,0.666666667,0.9,210,30
1846,544,3,2016-09-01,0.0,0.9,210,30
1847,544,4,2017-10-01,0.73,0.9,210,30
1964,579,1,2014-09-01,0.25,0.6,1,90
1965,579,2,2015-09-01,0.8,0.9,210,30
1966,579,3,2016-09-01,0.0,0.9,210,30
1967,579,4,2017-10-01,0.73,0.9,210,30
1968,580,1,2014-09-01,0.0,0.6,1,90
1969,580,2,2015-09-01,1.0,0.9,210,30
1970,580,3,2016-09-01,1.0,0.9,210,30
1971,580,4,2017-10-01,0.73,0.9,210,30
1972,581,1,2014-09-01,0.5,0.6,1,90
1973,581,2,2015-09-01,1.0,0.9,210,30
1974,582,1,2015-09-01,0.0,0.9,210,30
2074,611,1,2014-09-01,1.0,0.6,1,90
2075,611,2,2015-09-01,1.0,0.9,210,30
2076,611,3,2016-09-01,0.0,0.9,210,30
2077,611,4,2017-10-01,0.73,0.9,210,30
2078,612,1,2014-09-01,0.8,0.6,1,90
2079,612,2,2015-09-01,0.8,0.9,210,30
2080,612,3,2016-09-01,0.583333333,0.9,210,30
2081,612,4,2017-10-01,0.73,0.9,210,30
2082,613,1,2014-09-01,0.0,0.6,1,90
2083,613,2,2015-09-01,0.8,0.9,210,30
2084,613,3,2016-09-01,0.2,0.9,210,30
2085,613,4,2017-10-01,0.73,0.9,210,30
2156,634,1,2014-09-01,0.75,0.6,1,90
2157,634,2,2015-09-01,0.666666667,0.9,210,30
2158,634,3,2016-09-01,1.0,0.9,210,30
2159,634,4,2017-10-01,0.73,0.9,210,30
2160,635,1,2014-09-01,0.4,0.6,1,90
2161,635,2,2015-09-01,0.9,0.9,210,30
2162,635,3,2016-09-01,0.833333333,0.9,210,30
2163,635,4,2017-10-01,0.73,0.9,210,30
2164,636,1,2014-09-01,0.0,0.6,1,90
2165,636,2,2015-09-01,1.0,0.9,210,30
2166,636,3,2016-09-01,0.333333333,0.9,210,30
2167,636,4,2017-10-01,0.73,0.9,210,30
2240,658,1,2016-09-01,1.0,0.9,210,30
2241,658,2,2017-10-01,0.73,0.9,210,30
2242,659,1,2014-09-01,0.666666667,0.6,1,90
2243,659,2,2015-09-01,1.0,0.9,210,30
2244,659,3,2016-09-01,0.666666667,0.9,210,30
2245,659,4,2017-10-01,0.73,0.9,210,30
2246,660,1,2014-09-01,1.0,0.6,1,90
2247,660,2,2015-09-01,1.0,0.9,210,30
2248,660,3,2016-09-01,1.0,0.9,210,30
2249,660,4,2017-10-01,0.73,0.9,210,30
2250,661,1,2014-09-01,0.0,0.6,1,90
2251,661,2,2015-09-01,1.0,0.9,210,30
2252,661,3,2016-09-01,0.5,0.9,210,30
2253,661,4,2017-10-01,0.73,0.9,210,30
2254,662,1,2014-09-01,0.166666667,0.6,1,90
2255,662,2,2015-09-01,0.666666667,0.9,210,30
2256,662,3,2016-09-01,0.625,0.9,210,30
2257,662,4,2017-10-01,0.73,0.9,210,30
2258,663,1,2014-09-01,0.3,0.6,1,90
2259,663,2,2015-09-01,0.8,0.9,210,30
2260,663,3,2016-09-01,0.9,0.9,210,30
2261,663,4,2017-10-01,0.73,0.9,210,30
2262,664,1,2014-09-01,0.611111111,0.6,1,90
2263,664,2,2015-09-01,1.0,0.9,210,30
2264,664,3,2016-09-01,0.666666667,0.9,210,30
2265,664,4,2017-10-01,0.73,0.9,210,30
2322,681,1,2014-09-01,0.5,0.6,1,90
2323,681,2,2015-09-01,0.875,0.9,210,30
2324,681,3,2016-09-01,1.0,0.9,210,30
2325,681,4,2017-10-01,0.73,0.9,210,30
2326,682,1,2014-09-01,0.533333333,0.6,1,90
2327,682,2,2015-09-01,0.7692307690000001,0.9,210,30
2328,682,3,2016-09-01,0.8235294120000001,0.9,210,30
2329,682,4,2017-10-01,0.73,0.9,210,30
2330,683,1,2016-09-01,1.0,0.9,210,30
2331,683,2,2017-10-01,0.73,0.9,210,30
2332,684,1,2014-09-01,1.0,0.6,1,90
2333,684,2,2015-09-01,1.0,0.9,210,30
2334,684,3,2016-09-01,1.0,0.9,210,30
2335,684,4,2017-10-01,0.73,0.9,210,30
2336,685,1,2014-09-01,0.333333333,0.6,1,90
2337,685,2,2015-09-01,0.882352941,0.9,210,30
2338,685,3,2016-09-01,0.5555555560000001,0.9,210,30
2339,685,4,2017-10-01,0.73,0.9,210,30
2340,686,1,2014-09-01,0.0,0.6,1,90
2341,686,2,2015-09-01,0.666666667,0.9,210,30
2342,686,3,2016-09-01,0.666666667,0.9,210,30
2343,686,4,2017-10-01,0.73,0.9,210,30
2344,687,1,2014-09-01,0.5,0.6,1,90
2345,687,2,2015-09-01,0.833333333,0.9,210,30
2346,687,3,2016-09-01,0.5,0.9,210,30
2347,687,4,2017-10-01,0.73,0.9,210,30
2348,688,1,2014-09-01,0.384615385,0.6,1,90
2349,688,2,2015-09-01,0.923076923,0.9,210,30
2350,688,3,2016-09-01,0.666666667,0.9,210,30
2351,688,4,2017-10-01,0.73,0.9,210,30
2352,689,1,2014-09-01,0.551020408,0.6,1,90
2353,689,2,2015-09-01,0.814814815,0.9,210,30
2354,689,3,2016-09-01,0.8235294120000001,0.9,210,30
2355,689,4,2017-10-01,0.73,0.9,210,30
2360,691,1,2014-09-01,0.333333333,0.6,1,90
2361,691,2,2015-09-01,1.0,0.9,210,30
2362,691,3,2016-09-01,0.25,0.9,210,30
2363,691,4,2017-10-01,0.73,0.9,210,30
2364,692,1,2014-09-01,0.7333333329999999,0.6,1,90
2365,692,2,2015-09-01,0.647058824,0.9,210,30
2366,692,3,2016-09-01,0.28571428600000004,0.9,210,30
2367,692,4,2017-10-01,0.73,0.9,210,30
2393,701,1,2014-09-01,0.708333333,0.6,1,90
2394,701,2,2015-09-01,0.666666667,0.9,210,30
2395,701,3,2016-09-01,0.44,0.9,210,30
2396,701,4,2017-10-01,0.73,0.9,210,30
2397,702,1,2014-09-01,0.5,0.6,1,90
2398,702,2,2015-09-01,0.75,0.9,210,30
2399,702,3,2016-09-01,0.5,0.9,210,30
2400,702,4,2017-10-01,0.73,0.9,210,30
2401,703,1,2014-09-01,0.25,0.6,1,90
2402,703,2,2015-09-01,0.833333333,0.9,210,30
2403,703,3,2016-09-01,0.625,0.9,210,30
2404,703,4,2017-10-01,0.73,0.9,210,30
2405,704,1,2014-09-01,0.0,0.6,1,90
2406,704,2,2015-09-01,1.0,0.9,210,30
2407,704,3,2016-09-01,0.5,0.9,210,30
2408,704,4,2017-10-01,0.73,0.9,210,30
2409,705,1,2014-09-01,1.0,0.6,1,90
2410,705,2,2015-09-01,1.0,0.9,210,30
2411,705,3,2016-09-01,1.0,0.9,210,30
2412,705,4,2017-10-01,0.73,0.9,210,30
2413,706,1,2014-09-01,0.0,0.6,1,90
2414,706,2,2015-09-01,1.0,0.9,210,30
2415,706,3,2016-09-01,0.75,0.9,210,30
2416,706,4,2017-10-01,0.73,0.9,210,30
2417,707,1,2014-09-01,0.0,0.6,1,90
2418,707,2,2015-09-01,0.4,0.9,210,30
2419,707,3,2016-09-01,0.75,0.9,210,30
2420,707,4,2017-10-01,0.73,0.9,210,30
2421,708,1,2014-09-01,0.333333333,0.6,1,90
2422,708,2,2015-09-01,0.764705882,0.9,210,30
2423,708,3,2016-09-01,0.45,0.9,210,30
2424,708,4,2017-10-01,0.73,0.9,210,30
2425,709,1,2014-09-01,0.411764706,0.6,1,90
2426,709,2,2015-09-01,0.483870968,0.9,210,30
2427,709,3,2016-09-01,0.541666667,0.9,210,30
2428,709,4,2017-10-01,0.73,0.9,210,30
2429,710,1,2014-09-01,1.0,0.6,1,90
2430,710,2,2015-09-01,1.0,0.9,210,30
2431,710,3,2016-09-01,0.333333333,0.9,210,30
2432,710,4,2017-10-01,0.73,0.9,210,30
2457,717,1,2014-09-01,0.5,0.6,1,90
2458,717,2,2015-09-01,0.8,0.9,210,30
2459,717,3,2016-09-01,0.75,0.9,210,30
2460,717,4,2017-10-01,0.73,0.9,210,30
2461,718,1,2014-09-01,0.608695652,0.6,1,90
2462,718,2,2015-09-01,0.727272727,0.9,210,30
2463,718,3,2016-09-01,0.642857143,0.9,210,30
2464,718,4,2017-10-01,0.73,0.9,210,30
2465,719,1,2014-09-01,0.7777777779999999,0.6,1,90
2466,719,2,2015-09-01,0.7692307690000001,0.9,210,30
2467,719,3,2016-09-01,0.7777777779999999,0.9,210,30
2468,719,4,2017-10-01,0.73,0.9,210,30
2469,720,1,2014-09-01,0.705882353,0.6,1,90
2470,720,2,2015-09-01,0.8444444440000001,0.9,210,30
2471,720,3,2016-09-01,0.7428571429999999,0.9,210,30
2472,720,4,2017-10-01,0.73,0.9,210,30
2473,721,1,2014-09-01,0.636363636,0.6,1,90
2474,721,2,2015-09-01,0.833333333,0.9,210,30
2475,721,3,2016-09-01,0.666666667,0.9,210,30
2476,721,4,2017-10-01,0.73,0.9,210,30
2477,722,1,2014-09-01,0.7,0.6,1,90
2478,722,2,2015-09-01,0.4,0.9,210,30
2479,722,3,2016-09-01,0.2,0.9,210,30
2480,722,4,2017-10-01,0.73,0.9,210,30
2481,723,1,2014-09-01,0.5,0.6,1,90
2482,723,2,2015-09-01,0.2,0.9,210,30
2483,723,3,2016-09-01,0.0,0.9,210,30
2484,723,4,2017-10-01,0.73,0.9,210,30
2485,724,1,2014-09-01,0.153846154,0.6,1,90
2486,724,2,2015-09-01,0.6521739129999999,0.9,210,30
2487,724,3,2016-09-01,0.5,0.9,210,30
2488,724,4,2017-10-01,0.73,0.9,210,30
2489,725,1,2014-09-01,0.428571429,0.6,1,90
2490,725,2,2015-09-01,0.736842105,0.9,210,30
2491,725,3,2016-09-01,0.461538462,0.9,210,30
2492,725,4,2017-10-01,0.73,0.9,210,30
2509,730,1,2014-09-01,0.6,0.6,1,90
2510,730,2,2015-09-01,0.857142857,0.9,210,30
2511,730,3,2016-09-01,0.8,0.9,210,30
2512,730,4,2017-10-01,0.73,0.9,210,30
2513,731,1,2014-09-01,0.523809524,0.6,1,90
2514,731,2,2015-09-01,0.851851852,0.9,210,30
2515,731,3,2016-09-01,0.772727273,0.9,210,30
2516,731,4,2017-10-01,0.73,0.9,210,30
2517,732,1,2014-09-01,0.5,0.6,1,90
2518,732,2,2015-09-01,0.5,0.9,210,30
2519,732,3,2016-09-01,0.5,0.9,210,30
2520,732,4,2017-10-01,0.73,0.9,210,30
2521,733,1,2014-09-01,0.363636364,0.6,1,90
2522,733,2,2015-09-01,0.818181818,0.9,210,30
2523,733,3,2016-09-01,0.454545455,0.9,210,30
2524,733,4,2017-10-01,0.73,0.9,210,30
2525,734,1,2014-09-01,0.333333333,0.6,1,90
2526,734,2,2015-09-01,0.666666667,0.9,210,30
2527,734,3,2016-09-01,1.0,0.9,210,30
2528,734,4,2017-10-01,0.73,0.9,210,30
2529,735,1,2014-09-01,0.666666667,0.6,1,90
2530,735,2,2015-09-01,1.0,0.9,210,30
2531,735,3,2016-09-01,0.0,0.9,210,30
2532,735,4,2017-10-01,0.73,0.9,210,30
2533,736,1,2014-09-01,0.4375,0.6,1,90
2534,736,2,2015-09-01,0.75,0.9,210,30
2535,736,3,2016-09-01,0.65,0.9,210,30
2536,736,4,2017-10-01,0.73,0.9,210,30
2537,737,1,2014-09-01,0.615384615,0.6,1,90
2538,737,2,2015-09-01,0.833333333,0.9,210,30
2539,737,3,2016-09-01,0.615384615,0.9,210,30
2540,737,4,2017-10-01,0.73,0.9,210,30
2541,738,1,2014-09-01,0.461538462,0.6,1,90
2542,738,2,2015-09-01,0.7,0.9,210,30
2543,738,3,2016-09-01,0.5555555560000001,0.9,210,30
2544,738,4,2017-10-01,0.73,0.9,210,30
2545,739,1,2014-09-01,0.454545455,0.6,1,90
2546,739,2,2015-09-01,0.8,0.9,210,30
2547,739,3,2016-09-01,0.363636364,0.9,210,30
2548,739,4,2017-10-01,0.73,0.9,210,30
2549,740,1,2014-09-01,0.166666667,0.6,1,90
2550,740,2,2015-09-01,0.461538462,0.9,210,30
2551,740,3,2016-09-01,0.2,0.9,210,30
2552,740,4,2017-10-01,0.73,0.9,210,30
2553,741,1,2014-09-01,0.0,0.6,1,90
2554,741,2,2015-09-01,0.0,0.9,210,30
2555,741,3,2016-09-01,0.5,0.9,210,30
2556,741,4,2017-10-01,0.73,0.9,210,30
2560,744,1,2014-09-01,0.2,0.6,1,90
2561,744,2,2015-09-01,0.2,0.9,210,30
2562,744,3,2016-09-01,0.4,0.9,210,30
2563,744,4,2017-10-01,0.73,0.9,210,30
2564,745,1,2014-09-01,0.14285714300000002,0.6,1,90
2565,745,2,2015-09-01,0.28571428600000004,0.9,210,30
2566,745,3,2016-09-01,0.14285714300000002,0.9,210,30
2567,745,4,2017-10-01,0.73,0.9,210,30
2582,750,1,2016-09-01,0.0,0.9,210,30
2583,750,2,2017-10-01,0.73,0.9,210,30
2584,751,1,2014-09-01,0.578947368,0.6,1,90
2585,751,2,2015-09-01,0.75,0.9,210,30
2586,751,3,2016-09-01,0.5,0.9,210,30
2587,751,4,2017-10-01,0.73,0.9,210,30
2588,752,1,2014-09-01,0.787878788,0.6,1,90
2589,752,2,2015-09-01,0.673076923,0.9,210,30
2590,752,3,2016-09-01,0.333333333,0.9,210,30
2591,752,4,2017-10-01,0.73,0.9,210,30
2592,753,1,2014-09-01,0.642857143,0.6,1,90
2593,753,2,2015-09-01,0.95,0.9,210,30
2594,753,3,2016-09-01,0.647058824,0.9,210,30
2595,753,4,2017-10-01,0.73,0.9,210,30
2596,754,1,2014-09-01,0.3,0.6,1,90
2597,754,2,2015-09-01,0.727272727,0.9,210,30
2598,754,3,2016-09-01,0.6756756759999999,0.9,210,30
2599,754,4,2017-10-01,0.73,0.9,210,30
2600,755,1,2014-09-01,0.315789474,0.6,1,90
2601,755,2,2015-09-01,0.8275862070000001,0.9,210,30
2602,755,3,2016-09-01,0.64,0.9,210,30
2603,755,4,2017-10-01,0.73,0.9,210,30
2604,756,1,2014-09-01,0.153846154,0.6,1,90
2605,756,2,2015-09-01,0.958333333,0.9,210,30
2606,756,3,2016-09-01,0.583333333,0.9,210,30
2607,756,4,2017-10-01,0.73,0.9,210,30
2608,757,1,2014-09-01,0.0,0.6,1,90
2609,757,2,2015-09-01,0.75,0.9,210,30
2610,757,3,2016-09-01,0.75,0.9,210,30
2611,757,4,2017-10-01,0.73,0.9,210,30
2612,758,1,2014-09-01,0.0,0.6,1,90
2613,758,2,2015-09-01,0.0,0.9,210,30
2614,758,3,2016-09-01,1.0,0.9,210,30
2615,758,4,2017-10-01,0.73,0.9,210,30
2616,759,1,2014-09-01,0.0,0.6,1,90
2617,759,2,2015-09-01,1.0,0.9,210,30
2618,759,3,2016-09-01,0.666666667,0.9,210,30
2619,759,4,2017-10-01,0.73,0.9,210,30
2620,760,1,2014-09-01,0.0,0.6,1,90
2621,760,2,2015-09-01,0.833333333,0.9,210,30
2622,760,3,2016-09-01,0.0,0.9,210,30
2623,760,4,2017-10-01,0.73,0.9,210,30
2624,761,1,2014-09-01,0.5,0.6,1,90
2625,761,2,2015-09-01,1.0,0.9,210,30
2626,761,3,2016-09-01,0.0,0.9,210,30
2627,761,4,2017-10-01,0.73,0.9,210,30
2635,764,1,2014-09-01,0.6,0.6,1,90
2636,764,2,2015-09-01,0.708333333,0.9,210,30
2637,764,3,2016-09-01,0.6315789470000001,0.9,210,30
2638,764,4,2017-10-01,0.73,0.9,210,30
2639,765,1,2014-09-01,0.0,0.6,1,90
2640,765,2,2015-09-01,1.0,0.9,210,30
2641,765,3,2016-09-01,0.0,0.9,210,30
2642,765,4,2017-10-01,0.73,0.9,210,30
2643,766,1,2014-09-01,0.428571429,0.6,1,90
2644,766,2,2015-09-01,0.8,0.9,210,30
2645,766,3,2016-09-01,0.9,0.9,210,30
2646,766,4,2017-10-01,0.73,0.9,210,30
2647,767,1,2014-09-01,0.760869565,0.6,1,90
2648,767,2,2015-09-01,0.862745098,0.9,210,30
2649,767,3,2016-09-01,0.747252747,0.9,210,30
2650,767,4,2017-10-01,0.73,0.9,210,30
2651,768,1,2014-09-01,0.857142857,0.6,1,90
2652,768,2,2015-09-01,1.0,0.9,210,30
2653,768,3,2016-09-01,0.571428571,0.9,210,30
2654,768,4,2017-10-01,0.73,0.9,210,30
2655,769,1,2014-09-01,0.378378378,0.6,1,90
2656,769,2,2015-09-01,0.765957447,0.9,210,30
2657,769,3,2016-09-01,0.5106382979999999,0.9,210,30
2658,769,4,2017-10-01,0.73,0.9,210,30
2659,770,1,2014-09-01,0.444444444,0.6,1,90
2660,770,2,2015-09-01,0.7752808990000001,0.9,210,30
2661,770,3,2016-09-01,0.516129032,0.9,210,30
2662,770,4,2017-10-01,0.73,0.9,210,30
2663,771,1,2014-09-01,0.464088398,0.6,1,90
2664,771,2,2015-09-01,0.7426160340000001,0.9,210,30
2665,771,3,2016-09-01,0.543269231,0.9,210,30
2666,771,4,2017-10-01,0.73,0.9,210,30
2667,772,1,2014-09-01,0.413793103,0.6,1,90
2668,772,2,2015-09-01,0.659090909,0.9,210,30
2669,772,3,2016-09-01,0.5365853660000001,0.9,210,30
2670,772,4,2017-10-01,0.73,0.9,210,30
2671,773,1,2014-09-01,1.0,0.6,1,90
2672,773,2,2015-09-01,1.0,0.9,210,30
2673,774,1,2014-09-01,0.0,0.6,1,90
2674,774,2,2015-09-01,0.875,0.9,210,30
2675,774,3,2016-09-01,0.0,0.9,210,30
2676,774,4,2017-10-01,0.73,0.9,210,30
2677,775,1,2014-09-01,0.0,0.6,1,90
2678,775,2,2015-09-01,1.0,0.9,210,30
2679,776,1,2014-09-01,0.5,0.6,1,90
2680,776,2,2015-09-01,0.666666667,0.9,210,30
2681,776,3,2016-09-01,0.333333333,0.9,210,30
2682,776,4,2017-10-01,0.73,0.9,210,30
2683,777,1,2014-09-01,1.0,0.6,1,90
2684,777,2,2015-09-01,0.857142857,0.9,210,30
2685,777,3,2016-09-01,0.571428571,0.9,210,30
2686,777,4,2017-10-01,0.73,0.9,210,30
2687,778,1,2016-09-01,1.0,0.9,210,30
2688,778,2,2017-10-01,0.73,0.9,210,30
2689,779,1,2014-09-01,1.0,0.6,1,90
2690,779,2,2015-09-01,1.0,0.9,210,30
2691,779,3,2016-09-01,0.5,0.9,210,30
2692,779,4,2017-10-01,0.73,0.9,210,30
2693,780,1,2015-09-01,0.8,0.9,210,30
2694,780,2,2016-09-01,1.0,0.9,210,30
2695,780,3,2017-10-01,0.73,0.9,210,30
2696,781,1,2015-09-01,0.0,0.9,210,30
2697,781,2,2016-09-01,0.0,0.9,210,30
2698,781,3,2017-10-01,0.73,0.9,210,30
2699,782,1,2014-09-01,0.0,0.6,1,90
2700,782,2,2016-09-01,0.25,0.9,210,30
2701,782,3,2017-10-01,0.73,0.9,210,30
2702,783,1,2014-09-01,1.0,0.6,1,90
2703,783,2,2015-09-01,0.0,0.9,210,30
2704,783,3,2016-09-01,0.5,0.9,210,30
2705,783,4,2017-10-01,0.73,0.9,210,30
2706,784,1,2014-09-01,0.6,0.6,1,90
2707,784,2,2015-09-01,0.7142857140000001,0.9,210,30
2708,784,3,2016-09-01,0.8,0.9,210,30
2709,784,4,2017-10-01,0.73,0.9,210,30
2710,785,1,2014-09-01,0.75,0.6,1,90
2711,785,2,2015-09-01,0.571428571,0.9,210,30
2712,785,3,2016-09-01,0.5,0.9,210,30
2713,785,4,2017-10-01,0.73,0.9,210,30
2714,786,1,2014-09-01,0.25,0.6,1,90
2715,786,2,2015-09-01,0.9375,0.9,210,30
2716,786,3,2016-09-01,0.5555555560000001,0.9,210,30
2717,786,4,2017-10-01,0.73,0.9,210,30
2718,787,1,2014-09-01,0.470588235,0.6,1,90
2719,787,2,2015-09-01,0.857142857,0.9,210,30
2720,787,3,2016-09-01,0.684210526,0.9,210,30
2721,787,4,2017-10-01,0.73,0.9,210,30
2722,788,1,2014-09-01,0.592592593,0.6,1,90
2723,788,2,2015-09-01,0.806451613,0.9,210,30
2724,788,3,2016-09-01,0.606060606,0.9,210,30
2725,788,4,2017-10-01,0.73,0.9,210,30
2726,789,1,2014-09-01,0.5,0.6,1,90
2727,789,2,2015-09-01,0.842105263,0.9,210,30
2728,789,3,2016-09-01,0.456521739,0.9,210,30
2729,789,4,2017-10-01,0.73,0.9,210,30
2730,790,1,2014-09-01,0.491686461,0.6,1,90
2731,790,2,2015-09-01,0.750339213,0.9,210,30
2732,790,3,2016-09-01,0.551483421,0.9,210,30
2733,790,4,2017-10-01,0.73,0.9,210,30
2734,791,1,2014-09-01,0.511551155,0.6,1,90
2735,791,2,2015-09-01,0.7844827590000001,0.9,210,30
2736,791,3,2016-09-01,0.63190184,0.9,210,30
2737,791,4,2017-10-01,0.73,0.9,210,30
2738,792,1,2014-09-01,0.366906475,0.6,1,90
2739,792,2,2015-09-01,0.7209302329999999,0.9,210,30
2740,792,3,2016-09-01,0.535947712,0.9,210,30
2741,792,4,2017-10-01,0.73,0.9,210,30
2742,793,1,2014-09-01,0.607142857,0.6,1,90
2743,793,2,2015-09-01,0.689655172,0.9,210,30
2744,793,3,2016-09-01,0.352941176,0.9,210,30
2745,793,4,2017-10-01,0.73,0.9,210,30
2746,794,1,2014-09-01,1.0,0.6,1,90
2747,794,2,2015-09-01,1.0,0.9,210,30
2748,794,3,2016-09-01,0.0,0.9,210,30
2749,794,4,2017-10-01,0.73,0.9,210,30
2750,795,1,2014-09-01,0.0,0.6,1,90
2751,795,2,2015-09-01,0.5,0.9,210,30
2752,795,3,2016-09-01,1.0,0.9,210,30
2753,795,4,2017-10-01,0.73,0.9,210,30
2754,796,1,2016-09-01,0.0,0.9,210,30
2755,796,2,2017-10-01,0.73,0.9,210,30
2756,797,1,2015-09-01,1.0,0.9,210,30
2757,798,1,2015-09-01,0.0,0.9,210,30
2758,799,1,2014-09-01,0.0,0.6,1,90
2759,799,2,2015-09-01,0.333333333,0.9,210,30
2760,799,3,2016-09-01,1.0,0.9,210,30
2761,799,4,2017-10-01,0.73,0.9,210,30
2762,800,1,2016-09-01,0.0,0.9,210,30
2763,800,2,2017-10-01,0.73,0.9,210,30
2764,801,1,2014-09-01,0.75,0.6,1,90
2765,801,2,2015-09-01,0.75,0.9,210,30
2766,801,3,2016-09-01,0.25,0.9,210,30
2767,801,4,2017-10-01,0.73,0.9,210,30
2768,802,1,2015-09-01,1.0,0.9,210,30
2769,802,2,2016-09-01,0.0,0.9,210,30
2770,802,3,2017-10-01,0.73,0.9,210,30
2771,803,1,2014-09-01,0.0,0.6,1,90
2772,803,2,2015-09-01,1.0,0.9,210,30
2773,803,3,2016-09-01,1.0,0.9,210,30
2774,803,4,2017-10-01,0.73,0.9,210,30
2775,804,1,2014-09-01,0.0,0.6,1,90
2776,804,2,2015-09-01,0.75,0.9,210,30
2777,804,3,2016-09-01,0.5,0.9,210,30
2778,804,4,2017-10-01,0.73,0.9,210,30
2779,805,1,2014-09-01,0.5,0.6,1,90
2780,805,2,2015-09-01,0.5,0.9,210,30
2781,805,3,2016-09-01,0.6,0.9,210,30
2782,805,4,2017-10-01,0.73,0.9,210,30
2783,806,1,2015-09-01,0.0,0.9,210,30
2784,807,1,2015-09-01,0.0,0.9,210,30
2785,807,2,2016-09-01,1.0,0.9,210,30
2786,807,3,2017-10-01,0.73,0.9,210,30
2787,808,1,2014-09-01,1.0,0.6,1,90
2788,808,2,2015-09-01,0.8,0.9,210,30
2789,808,3,2016-09-01,0.222222222,0.9,210,30
2790,808,4,2017-10-01,0.73,0.9,210,30
2795,810,1,2015-09-01,1.0,0.9,210,30
2796,810,2,2016-09-01,1.0,0.9,210,30
2797,810,3,2017-10-01,0.73,0.9,210,30
2798,811,1,2014-09-01,0.5,0.6,1,90
2799,811,2,2015-09-01,1.0,0.9,210,30
2800,811,3,2016-09-01,1.0,0.9,210,30
2801,811,4,2017-10-01,0.73,0.9,210,30
2802,812,1,2015-09-01,1.0,0.9,210,30
2803,813,1,2014-09-01,0.166666667,0.6,1,90
2804,813,2,2015-09-01,0.857142857,0.9,210,30
2805,813,3,2016-09-01,0.333333333,0.9,210,30
2806,813,4,2017-10-01,0.73,0.9,210,30
2807,814,1,2014-09-01,0.442857143,0.6,1,90
2808,814,2,2015-09-01,0.8842105259999999,0.9,210,30
2809,814,3,2016-09-01,0.472972973,0.9,210,30
2810,814,4,2017-10-01,0.73,0.9,210,30
2811,815,1,2014-09-01,0.371428571,0.6,1,90
2812,815,2,2015-09-01,0.815789474,0.9,210,30
2813,815,3,2016-09-01,0.628571429,0.9,210,30
2814,815,4,2017-10-01,0.73,0.9,210,30
2815,816,1,2014-09-01,0.416475973,0.6,1,90
2816,816,2,2015-09-01,0.7857142859999999,0.9,210,30
2817,816,3,2016-09-01,0.62993763,0.9,210,30
2818,816,4,2017-10-01,0.73,0.9,210,30
2819,817,1,2014-09-01,0.469879518,0.6,1,90
2820,817,2,2015-09-01,0.767482517,0.9,210,30
2821,817,3,2016-09-01,0.681017613,0.9,210,30
2822,817,4,2017-10-01,0.73,0.9,210,30
2823,818,1,2014-09-01,0.378378378,0.6,1,90
2824,818,2,2015-09-01,0.705263158,0.9,210,30
2825,818,3,2016-09-01,0.640522876,0.9,210,30
2826,818,4,2017-10-01,0.73,0.9,210,30
2827,819,1,2014-09-01,0.333333333,0.6,1,90
2828,819,2,2015-09-01,0.736842105,0.9,210,30
2829,819,3,2016-09-01,0.648648649,0.9,210,30
2830,819,4,2017-10-01,0.73,0.9,210,30
2831,820,1,2014-09-01,0.352941176,0.6,1,90
2832,820,2,2015-09-01,0.684210526,0.9,210,30
2833,820,3,2016-09-01,0.470588235,0.9,210,30
2834,820,4,2017-10-01,0.73,0.9,210,30
2835,821,1,2014-09-01,0.0,0.6,1,90
2836,821,2,2015-09-01,1.0,0.9,210,30
2837,821,3,2016-09-01,0.0,0.9,210,30
2838,821,4,2017-10-01,0.73,0.9,210,30
2839,822,1,2014-09-01,0.0,0.6,1,90
2840,822,2,2015-09-01,1.0,0.9,210,30
2841,822,3,2016-09-01,0.0,0.9,210,30
2842,822,4,2017-10-01,0.73,0.9,210,30
2843,823,1,2014-09-01,0.0,0.6,1,90
2844,823,2,2015-09-01,1.0,0.9,210,30
2845,823,3,2016-09-01,0.666666667,0.9,210,30
2846,823,4,2017-10-01,0.73,0.9,210,30
2847,824,1,2014-09-01,1.0,0.6,1,90
2848,824,2,2015-09-01,0.6,0.9,210,30
2849,824,3,2016-09-01,0.333333333,0.9,210,30
2850,824,4,2017-10-01,0.73,0.9,210,30
2851,825,1,2014-09-01,0.0,0.6,1,90
2852,825,2,2015-09-01,1.0,0.9,210,30
2853,825,3,2016-09-01,1.0,0.9,210,30
2854,825,4,2017-10-01,0.73,0.9,210,30
2855,826,1,2014-09-01,0.0,0.6,1,90
2856,826,2,2015-09-01,0.5,0.9,210,30
2857,826,3,2016-09-01,0.5,0.9,210,30
2858,826,4,2017-10-01,0.73,0.9,210,30
2859,827,1,2014-09-01,0.0,0.6,1,90
2860,827,2,2015-09-01,1.0,0.9,210,30
2861,827,3,2016-09-01,1.0,0.9,210,30
2862,827,4,2017-10-01,0.73,0.9,210,30
2863,828,1,2016-09-01,0.0,0.9,210,30
2864,828,2,2017-10-01,0.73,0.9,210,30
2865,829,1,2014-09-01,0.0,0.6,1,90
2866,829,2,2015-09-01,0.0,0.9,210,30
2867,829,3,2016-09-01,0.0,0.9,210,30
2868,829,4,2017-10-01,0.73,0.9,210,30
2869,831,1,2014-09-01,1.0,0.6,1,90
2870,831,2,2015-09-01,1.0,0.9,210,30
2871,831,3,2016-09-01,0.0,0.9,210,30
2872,831,4,2017-10-01,0.73,0.9,210,30
2873,832,1,2014-09-01,0.666666667,0.6,1,90
2874,832,2,2015-09-01,1.0,0.9,210,30
2875,832,3,2016-09-01,1.0,0.9,210,30
2876,832,4,2017-10-01,0.73,0.9,210,30
2877,833,1,2014-09-01,0.5,0.6,1,90
2878,833,2,2015-09-01,0.674418605,0.9,210,30
2879,833,3,2016-09-01,0.423076923,0.9,210,30
2880,833,4,2017-10-01,0.73,0.9,210,30
2881,834,1,2014-09-01,0.6,0.6,1,90
2882,834,2,2015-09-01,0.222222222,0.9,210,30
2883,834,3,2016-09-01,0.0,0.9,210,30
2884,834,4,2017-10-01,0.73,0.9,210,30
2920,846,1,2014-09-01,1.0,0.6,1,90
2921,846,2,2015-09-01,1.0,0.9,210,30
2922,846,3,2016-09-01,1.0,0.9,210,30
2923,846,4,2017-10-01,0.73,0.9,210,30
2924,847,1,2014-09-01,0.5,0.6,1,90
2925,847,2,2015-09-01,0.7777777779999999,0.9,210,30
2926,847,3,2016-09-01,0.6,0.9,210,30
2927,847,4,2017-10-01,0.73,0.9,210,30
2928,848,1,2014-09-01,0.75,0.6,1,90
2929,848,2,2015-09-01,0.75,0.9,210,30
2930,848,3,2016-09-01,0.5555555560000001,0.9,210,30
2931,848,4,2017-10-01,0.73,0.9,210,30
2932,849,1,2014-09-01,0.4,0.6,1,90
2933,849,2,2015-09-01,0.909090909,0.9,210,30
2934,849,3,2016-09-01,0.6315789470000001,0.9,210,30
2935,849,4,2017-10-01,0.73,0.9,210,30
2936,850,1,2014-09-01,0.6115702479999999,0.6,1,90
2937,850,2,2015-09-01,0.847682119,0.9,210,30
2938,850,3,2016-09-01,0.655172414,0.9,210,30
2939,850,4,2017-10-01,0.73,0.9,210,30
2940,851,1,2014-09-01,0.568627451,0.6,1,90
2941,851,2,2015-09-01,0.8235294120000001,0.9,210,30
2942,851,3,2016-09-01,0.672131148,0.9,210,30
2943,851,4,2017-10-01,0.73,0.9,210,30
2944,852,1,2014-09-01,0.597402597,0.6,1,90
2945,852,2,2015-09-01,0.804979253,0.9,210,30
2946,852,3,2016-09-01,0.6884273,0.9,210,30
2947,852,4,2017-10-01,0.73,0.9,210,30
2948,853,1,2014-09-01,0.551111111,0.6,1,90
2949,853,2,2015-09-01,0.833333333,0.9,210,30
2950,853,3,2016-09-01,0.676086957,0.9,210,30
2951,853,4,2017-10-01,0.73,0.9,210,30
2952,854,1,2014-09-01,0.359223301,0.6,1,90
2953,854,2,2015-09-01,0.7331081079999999,0.9,210,30
2954,854,3,2016-09-01,0.6333333329999999,0.9,210,30
2955,854,4,2017-10-01,0.73,0.9,210,30
2956,855,1,2014-09-01,0.303030303,0.6,1,90
2957,855,2,2015-09-01,0.773722628,0.9,210,30
2958,855,3,2016-09-01,0.5625,0.9,210,30
2959,855,4,2017-10-01,0.73,0.9,210,30
2960,856,1,2014-09-01,0.5,0.6,1,90
2961,856,2,2015-09-01,0.523809524,0.9,210,30
2962,856,3,2016-09-01,0.55,0.9,210,30
2963,856,4,2017-10-01,0.73,0.9,210,30
2964,857,1,2014-09-01,1.0,0.6,1,90
2965,857,2,2015-09-01,0.4,0.9,210,30
2966,858,1,2014-09-01,0.833333333,0.6,1,90
2967,858,2,2015-09-01,0.818181818,0.9,210,30
2968,858,3,2016-09-01,1.0,0.9,210,30
2969,858,4,2017-10-01,0.73,0.9,210,30
2970,859,1,2014-09-01,0.5,0.6,1,90
2971,859,2,2015-09-01,1.0,0.9,210,30
2972,859,3,2016-09-01,0.75,0.9,210,30
2973,859,4,2017-10-01,0.73,0.9,210,30
2974,860,1,2014-09-01,1.0,0.6,1,90
2975,860,2,2015-09-01,1.0,0.9,210,30
2976,860,3,2016-09-01,0.0,0.9,210,30
2977,860,4,2017-10-01,0.73,0.9,210,30
2978,861,1,2014-09-01,1.0,0.6,1,90
2979,861,2,2015-09-01,0.0,0.9,210,30
2980,861,3,2016-09-01,1.0,0.9,210,30
2981,861,4,2017-10-01,0.73,0.9,210,30
2982,862,1,2014-09-01,1.0,0.6,1,90
2983,862,2,2015-09-01,1.0,0.9,210,30
2984,862,3,2016-09-01,1.0,0.9,210,30
2985,862,4,2017-10-01,0.73,0.9,210,30
2986,863,1,2014-09-01,0.0,0.6,1,90
2987,863,2,2015-09-01,0.5,0.9,210,30
2988,863,3,2016-09-01,0.0,0.9,210,30
2989,863,4,2017-10-01,0.73,0.9,210,30
2990,864,1,2016-09-01,0.5,0.9,210,30
2991,864,2,2017-10-01,0.73,0.9,210,30
2992,865,1,2014-09-01,0.5,0.6,1,90
2993,865,2,2015-09-01,1.0,0.9,210,30
2994,865,3,2016-09-01,0.0,0.9,210,30
2995,865,4,2017-10-01,0.73,0.9,210,30
2996,866,1,2014-09-01,0.6,0.6,1,90
2997,866,2,2015-09-01,1.0,0.9,210,30
2998,866,3,2016-09-01,0.833333333,0.9,210,30
2999,866,4,2017-10-01,0.73,0.9,210,30
3000,867,1,2014-09-01,1.0,0.6,1,90
3001,867,2,2015-09-01,1.0,0.9,210,30
3002,867,3,2016-09-01,1.0,0.9,210,30
3003,867,4,2017-10-01,0.73,0.9,210,30
3004,868,1,2014-09-01,1.0,0.6,1,90
3005,868,2,2015-09-01,1.0,0.9,210,30
3006,868,3,2016-09-01,1.0,0.9,210,30
3007,868,4,2017-10-01,0.73,0.9,210,30
3008,869,1,2014-09-01,1.0,0.6,1,90
3009,869,2,2015-09-01,1.0,0.9,210,30
3010,869,3,2016-09-01,1.0,0.9,210,30
3011,869,4,2017-10-01,0.73,0.9,210,30
3012,870,1,2014-09-01,0.333333333,0.6,1,90
3013,870,2,2015-09-01,1.0,0.9,210,30
3014,870,3,2016-09-01,0.333333333,0.9,210,30
3015,870,4,2017-10-01,0.73,0.9,210,30
3016,871,1,2014-09-01,0.0,0.6,1,90
3017,871,2,2015-09-01,1.0,0.9,210,30
3018,871,3,2016-09-01,0.0,0.9,210,30
3019,871,4,2017-10-01,0.73,0.9,210,30
3020,872,1,2016-09-01,0.0,0.9,210,30
3021,872,2,2017-10-01,0.73,0.9,210,30
3022,874,1,2015-09-01,0.0,0.9,210,30
3023,874,2,2016-09-01,0.5,0.9,210,30
3024,874,3,2017-10-01,0.73,0.9,210,30
3025,875,1,2016-09-01,0.0,0.9,210,30
3026,875,2,2017-10-01,0.73,0.9,210,30
3077,889,1,2014-09-01,0.8235294120000001,0.6,1,90
3078,889,2,2015-09-01,0.869565217,0.9,210,30
3079,889,3,2016-09-01,0.75,0.9,210,30
3080,889,4,2017-10-01,0.73,0.9,210,30
3081,890,1,2014-09-01,0.739130435,0.6,1,90
3082,890,2,2015-09-01,0.867924528,0.9,210,30
3083,890,3,2016-09-01,0.7551020409999999,0.9,210,30
3084,890,4,2017-10-01,0.73,0.9,210,30
3085,891,1,2014-09-01,0.705882353,0.6,1,90
3086,891,2,2015-09-01,0.7894736840000001,0.9,210,30
3087,891,3,2016-09-01,0.75,0.9,210,30
3088,891,4,2017-10-01,0.73,0.9,210,30
3089,892,1,2014-09-01,0.6133333329999999,0.6,1,90
3090,892,2,2015-09-01,0.7463414629999999,0.9,210,30
3091,892,3,2016-09-01,0.74137931,0.9,210,30
3092,892,4,2017-10-01,0.73,0.9,210,30
3093,893,1,2014-09-01,0.5471698110000001,0.6,1,90
3094,893,2,2015-09-01,0.795774648,0.9,210,30
3095,893,3,2016-09-01,0.7190082640000001,0.9,210,30
3096,893,4,2017-10-01,0.73,0.9,210,30
3097,894,1,2014-09-01,0.5,0.6,1,90
3098,894,2,2015-09-01,1.0,0.9,210,30
3099,894,3,2016-09-01,1.0,0.9,210,30
3100,894,4,2017-10-01,0.73,0.9,210,30
3101,895,1,2014-09-01,0.0,0.6,1,90
3102,895,2,2015-09-01,0.0,0.9,210,30
3103,895,3,2016-09-01,1.0,0.9,210,30
3104,895,4,2017-10-01,0.73,0.9,210,30
3105,896,1,2014-09-01,0.0,0.6,1,90
3106,896,2,2015-09-01,1.0,0.9,210,30
3107,896,3,2016-09-01,0.833333333,0.9,210,30
3108,896,4,2017-10-01,0.73,0.9,210,30
3109,897,1,2014-09-01,0.0,0.6,1,90
3110,897,2,2015-09-01,0.75,0.9,210,30
3111,897,3,2016-09-01,0.333333333,0.9,210,30
3112,897,4,2017-10-01,0.73,0.9,210,30
3113,898,1,2014-09-01,0.4,0.6,1,90
3114,898,2,2015-09-01,0.578947368,0.9,210,30
3115,898,3,2016-09-01,0.571428571,0.9,210,30
3116,898,4,2017-10-01,0.73,0.9,210,30
3117,899,1,2014-09-01,0.666666667,0.6,1,90
3118,899,2,2015-09-01,1.0,0.9,210,30
3119,899,3,2016-09-01,1.0,0.9,210,30
3120,899,4,2017-10-01,0.73,0.9,210,30
3121,900,1,2014-09-01,0.28571428600000004,0.6,1,90
3122,900,2,2015-09-01,0.736842105,0.9,210,30
3123,900,3,2016-09-01,0.35714285700000004,0.9,210,30
3124,900,4,2017-10-01,0.73,0.9,210,30
3125,901,1,2014-09-01,0.666666667,0.6,1,90
3126,901,2,2015-09-01,0.666666667,0.9,210,30
3127,901,3,2016-09-01,0.5,0.9,210,30
3128,901,4,2017-10-01,0.73,0.9,210,30
3129,902,1,2014-09-01,1.0,0.6,1,90
3130,902,2,2015-09-01,1.0,0.9,210,30
3131,902,3,2016-09-01,0.5,0.9,210,30
3132,902,4,2017-10-01,0.73,0.9,210,30
3133,903,1,2014-09-01,0.0,0.6,1,90
3134,903,2,2015-09-01,0.333333333,0.9,210,30
3135,903,3,2016-09-01,0.333333333,0.9,210,30
3136,903,4,2017-10-01,0.73,0.9,210,30
3137,904,1,2014-09-01,0.0,0.6,1,90
3138,904,2,2015-09-01,0.75,0.9,210,30
3139,904,3,2016-09-01,0.5,0.9,210,30
3140,904,4,2017-10-01,0.73,0.9,210,30
3141,905,1,2014-09-01,0.4,0.6,1,90
3142,905,2,2015-09-01,0.8,0.9,210,30
3143,905,3,2016-09-01,1.0,0.9,210,30
3144,905,4,2017-10-01,0.73,0.9,210,30
3145,906,1,2014-09-01,0.0,0.6,1,90
3146,906,2,2015-09-01,0.5,0.9,210,30
3147,906,3,2016-09-01,0.857142857,0.9,210,30
3148,906,4,2017-10-01,0.73,0.9,210,30
3149,907,1,2014-09-01,0.25,0.6,1,90
3150,907,2,2015-09-01,1.0,0.9,210,30
3151,907,3,2016-09-01,0.75,0.9,210,30
3152,907,4,2017-10-01,0.73,0.9,210,30
3153,908,1,2014-09-01,0.0,0.6,1,90
3154,908,2,2015-09-01,0.0,0.9,210,30
3155,908,3,2016-09-01,1.0,0.9,210,30
3156,908,4,2017-10-01,0.73,0.9,210,30
3157,909,1,2014-09-01,1.0,0.6,1,90
3158,909,2,2015-09-01,1.0,0.9,210,30
3159,909,3,2016-09-01,1.0,0.9,210,30
3160,909,4,2017-10-01,0.73,0.9,210,30
3161,910,1,2014-09-01,0.5,0.6,1,90
3162,910,2,2015-09-01,1.0,0.9,210,30
3163,910,3,2016-09-01,0.666666667,0.9,210,30
3164,910,4,2017-10-01,0.73,0.9,210,30
3165,911,1,2014-09-01,1.0,0.6,1,90
3166,911,2,2015-09-01,0.833333333,0.9,210,30
3167,911,3,2016-09-01,0.625,0.9,210,30
3168,911,4,2017-10-01,0.73,0.9,210,30
3169,912,1,2016-09-01,0.0,0.9,210,30
3170,912,2,2017-10-01,0.73,0.9,210,30
3171,914,1,2014-09-01,1.0,0.6,1,90
3172,914,2,2015-09-01,1.0,0.9,210,30
3173,914,3,2016-09-01,0.0,0.9,210,30
3174,914,4,2017-10-01,0.73,0.9,210,30
3175,915,1,2016-09-01,1.0,0.9,210,30
3176,915,2,2017-10-01,0.73,0.9,210,30
3177,916,1,2014-09-01,1.0,0.6,1,90
3178,916,2,2015-09-01,0.0,0.9,210,30
3179,917,1,2014-09-01,0.833333333,0.6,1,90
3180,917,2,2015-09-01,0.6875,0.9,210,30
3181,917,3,2016-09-01,0.294117647,0.9,210,30
3182,917,4,2017-10-01,0.73,0.9,210,30
3214,929,1,2014-09-01,0.444444444,0.6,1,90
3215,929,2,2015-09-01,0.933333333,0.9,210,30
3216,929,3,2016-09-01,0.583333333,0.9,210,30
3217,929,4,2017-10-01,0.73,0.9,210,30
3218,930,1,2014-09-01,0.8235294120000001,0.6,1,90
3219,930,2,2015-09-01,0.85,0.9,210,30
3220,930,3,2016-09-01,0.944444444,0.9,210,30
3221,930,4,2017-10-01,0.73,0.9,210,30
3222,931,1,2014-09-01,0.8888888890000001,0.6,1,90
3223,931,2,2015-09-01,0.9,0.9,210,30
3224,931,3,2016-09-01,0.666666667,0.9,210,30
3225,931,4,2017-10-01,0.73,0.9,210,30
3226,932,1,2014-09-01,0.6,0.6,1,90
3227,932,2,2015-09-01,0.75739645,0.9,210,30
3228,932,3,2016-09-01,0.812080537,0.9,210,30
3229,932,4,2017-10-01,0.73,0.9,210,30
3230,933,1,2014-09-01,0.666666667,0.6,1,90
3231,933,2,2015-09-01,0.826086957,0.9,210,30
3232,933,3,2016-09-01,0.8,0.9,210,30
3233,933,4,2017-10-01,0.73,0.9,210,30
3234,934,1,2014-09-01,0.0,0.6,1,90
3235,934,2,2015-09-01,0.0,0.9,210,30
3236,934,3,2016-09-01,1.0,0.9,210,30
3237,934,4,2017-10-01,0.73,0.9,210,30
3238,935,1,2014-09-01,0.2,0.6,1,90
3239,935,2,2015-09-01,0.636363636,0.9,210,30
3240,935,3,2016-09-01,0.28571428600000004,0.9,210,30
3241,935,4,2017-10-01,0.73,0.9,210,30
3242,936,1,2014-09-01,0.4,0.6,1,90
3243,936,2,2015-09-01,0.705882353,0.9,210,30
3244,936,3,2016-09-01,0.444444444,0.9,210,30
3245,936,4,2017-10-01,0.73,0.9,210,30
3246,937,1,2014-09-01,0.6,0.6,1,90
3247,937,2,2015-09-01,0.857142857,0.9,210,30
3248,937,3,2016-09-01,0.7894736840000001,0.9,210,30
3249,937,4,2017-10-01,0.73,0.9,210,30
3250,938,1,2014-09-01,0.25,0.6,1,90
3251,938,2,2015-09-01,0.642857143,0.9,210,30
3252,938,3,2016-09-01,0.692307692,0.9,210,30
3253,938,4,2017-10-01,0.73,0.9,210,30
3254,939,1,2014-09-01,0.625,0.6,1,90
3255,939,2,2015-09-01,0.666666667,0.9,210,30
3256,939,3,2016-09-01,0.0,0.9,210,30
3257,939,4,2017-10-01,0.73,0.9,210,30
3258,940,1,2014-09-01,0.0,0.6,1,90
3259,940,2,2015-09-01,0.5,0.9,210,30
3260,940,3,2016-09-01,0.833333333,0.9,210,30
3261,940,4,2017-10-01,0.73,0.9,210,30
3262,941,1,2014-09-01,0.0,0.6,1,90
3263,941,2,2015-09-01,0.5,0.9,210,30
3264,941,3,2016-09-01,1.0,0.9,210,30
3265,941,4,2017-10-01,0.73,0.9,210,30
3266,942,1,2014-09-01,0.5,0.6,1,90
3267,942,2,2015-09-01,0.857142857,0.9,210,30
3268,942,3,2016-09-01,0.571428571,0.9,210,30
3269,942,4,2017-10-01,0.73,0.9,210,30
3270,943,1,2014-09-01,1.0,0.6,1,90
3271,943,2,2015-09-01,0.5,0.9,210,30
3272,943,3,2016-09-01,1.0,0.9,210,30
3273,943,4,2017-10-01,0.73,0.9,210,30
3274,944,1,2014-09-01,0.625,0.6,1,90
3275,944,2,2015-09-01,0.7142857140000001,0.9,210,30
3276,944,3,2016-09-01,0.125,0.9,210,30
3277,944,4,2017-10-01,0.73,0.9,210,30
3278,945,1,2014-09-01,1.0,0.6,1,90
3279,945,2,2015-09-01,1.0,0.9,210,30
3280,945,3,2016-09-01,1.0,0.9,210,30
3281,945,4,2017-10-01,0.73,0.9,210,30
3282,946,1,2014-09-01,1.0,0.6,1,90
3283,946,2,2015-09-01,1.0,0.9,210,30
3284,946,3,2016-09-01,1.0,0.9,210,30
3285,946,4,2017-10-01,0.73,0.9,210,30
3286,947,1,2014-09-01,0.2,0.6,1,90
3287,947,2,2015-09-01,0.666666667,0.9,210,30
3288,947,3,2016-09-01,0.4,0.9,210,30
3289,947,4,2017-10-01,0.73,0.9,210,30
3290,948,1,2014-09-01,1.0,0.6,1,90
3291,948,2,2015-09-01,1.0,0.9,210,30
3292,948,3,2016-09-01,1.0,0.9,210,30
3293,948,4,2017-10-01,0.73,0.9,210,30
3294,949,1,2014-09-01,1.0,0.6,1,90
3295,949,2,2015-09-01,1.0,0.9,210,30
3296,949,3,2016-09-01,1.0,0.9,210,30
3297,949,4,2017-10-01,0.73,0.9,210,30
3298,950,1,2014-09-01,1.0,0.6,1,90
3299,950,2,2015-09-01,1.0,0.9,210,30
3300,950,3,2016-09-01,0.5,0.9,210,30
3301,950,4,2017-10-01,0.73,0.9,210,30
3302,951,1,2014-09-01,0.666666667,0.6,1,90
3303,951,2,2015-09-01,0.857142857,0.9,210,30
3304,951,3,2016-09-01,0.666666667,0.9,210,30
3305,951,4,2017-10-01,0.73,0.9,210,30
3306,952,1,2014-09-01,0.8,0.6,1,90
3307,952,2,2015-09-01,0.5,0.9,210,30
3308,952,3,2016-09-01,0.5,0.9,210,30
3309,952,4,2017-10-01,0.73,0.9,210,30
3310,953,1,2015-09-01,1.0,0.9,210,30
3311,953,2,2016-09-01,0.0,0.9,210,30
3312,953,3,2017-10-01,0.73,0.9,210,30
3313,954,1,2014-09-01,0.0,0.6,1,90
3314,954,2,2016-09-01,0.0,0.9,210,30
3315,954,3,2017-10-01,0.73,0.9,210,30
3316,955,1,2015-09-01,1.0,0.9,210,30
3317,955,2,2016-09-01,0.0,0.9,210,30
3318,955,3,2017-10-01,0.73,0.9,210,30
3331,959,1,2014-09-01,0.571428571,0.6,1,90
3332,959,2,2015-09-01,1.0,0.9,210,30
3333,959,3,2016-09-01,1.0,0.9,210,30
3334,959,4,2017-10-01,0.73,0.9,210,30
3335,960,1,2014-09-01,0.375,0.6,1,90
3336,960,2,2015-09-01,0.7,0.9,210,30
3337,960,3,2016-09-01,0.875,0.9,210,30
3338,960,4,2017-10-01,0.73,0.9,210,30
3339,961,1,2014-09-01,0.0,0.6,1,90
3340,961,2,2015-09-01,1.0,0.9,210,30
3341,961,3,2016-09-01,1.0,0.9,210,30
3342,961,4,2017-10-01,0.73,0.9,210,30
3343,962,1,2014-09-01,0.28571428600000004,0.6,1,90
3344,962,2,2015-09-01,1.0,0.9,210,30
3345,962,3,2016-09-01,1.0,0.9,210,30
3346,962,4,2017-10-01,0.73,0.9,210,30
3347,963,1,2014-09-01,0.533333333,0.6,1,90
3348,963,2,2015-09-01,0.923076923,0.9,210,30
3349,963,3,2016-09-01,0.848484848,0.9,210,30
3350,963,4,2017-10-01,0.73,0.9,210,30
3351,964,1,2014-09-01,0.80952381,0.6,1,90
3352,964,2,2015-09-01,0.958333333,0.9,210,30
3353,964,3,2016-09-01,0.857142857,0.9,210,30
3354,964,4,2017-10-01,0.73,0.9,210,30
3355,965,1,2014-09-01,0.0,0.6,1,90
3356,965,2,2015-09-01,1.0,0.9,210,30
3357,965,3,2016-09-01,0.333333333,0.9,210,30
3358,965,4,2017-10-01,0.73,0.9,210,30
3359,966,1,2014-09-01,0.513888889,0.6,1,90
3360,966,2,2015-09-01,0.705882353,0.9,210,30
3361,966,3,2016-09-01,0.56626506,0.9,210,30
3362,966,4,2017-10-01,0.73,0.9,210,30
3363,967,1,2014-09-01,0.444444444,0.6,1,90
3364,967,2,2015-09-01,0.793103448,0.9,210,30
3365,967,3,2016-09-01,0.6315789470000001,0.9,210,30
3366,967,4,2017-10-01,0.73,0.9,210,30
3367,968,1,2014-09-01,0.307692308,0.6,1,90
3368,968,2,2015-09-01,0.7142857140000001,0.9,210,30
3369,968,3,2016-09-01,0.7692307690000001,0.9,210,30
3370,968,4,2017-10-01,0.73,0.9,210,30
3371,969,1,2014-09-01,0.5,0.6,1,90
3372,969,2,2015-09-01,1.0,0.9,210,30
3373,969,3,2016-09-01,0.833333333,0.9,210,30
3374,969,4,2017-10-01,0.73,0.9,210,30
3375,970,1,2014-09-01,1.0,0.6,1,90
3376,970,2,2015-09-01,0.0,0.9,210,30
3377,971,1,2014-09-01,0.5,0.6,1,90
3378,971,2,2015-09-01,1.0,0.9,210,30
3379,971,3,2016-09-01,1.0,0.9,210,30
3380,971,4,2017-10-01,0.73,0.9,210,30
3381,972,1,2014-09-01,0.0,0.6,1,90
3382,972,2,2015-09-01,1.0,0.9,210,30
3383,972,3,2016-09-01,1.0,0.9,210,30
3384,972,4,2017-10-01,0.73,0.9,210,30
3385,973,1,2014-09-01,0.0,0.6,1,90
3386,973,2,2015-09-01,1.0,0.9,210,30
3387,973,3,2016-09-01,0.333333333,0.9,210,30
3388,973,4,2017-10-01,0.73,0.9,210,30
3389,974,1,2014-09-01,1.0,0.6,1,90
3390,974,2,2015-09-01,1.0,0.9,210,30
3391,974,3,2016-09-01,1.0,0.9,210,30
3392,974,4,2017-10-01,0.73,0.9,210,30
3393,975,1,2014-09-01,1.0,0.6,1,90
3394,975,2,2015-09-01,1.0,0.9,210,30
3395,975,3,2016-09-01,1.0,0.9,210,30
3396,975,4,2017-10-01,0.73,0.9,210,30
3397,976,1,2014-09-01,1.0,0.6,1,90
3398,976,2,2015-09-01,0.4,0.9,210,30
3399,976,3,2016-09-01,1.0,0.9,210,30
3400,976,4,2017-10-01,0.73,0.9,210,30
3401,977,1,2014-09-01,1.0,0.6,1,90
3402,977,2,2015-09-01,0.666666667,0.9,210,30
3403,977,3,2016-09-01,1.0,0.9,210,30
3404,977,4,2017-10-01,0.73,0.9,210,30
3405,978,1,2014-09-01,0.75,0.6,1,90
3406,978,2,2015-09-01,0.833333333,0.9,210,30
3407,978,3,2016-09-01,0.8,0.9,210,30
3408,978,4,2017-10-01,0.73,0.9,210,30
3409,979,1,2014-09-01,1.0,0.6,1,90
3410,979,2,2015-09-01,0.944444444,0.9,210,30
3411,979,3,2016-09-01,0.7777777779999999,0.9,210,30
3412,979,4,2017-10-01,0.73,0.9,210,30
3413,980,1,2014-09-01,1.0,0.6,1,90
3414,980,2,2015-09-01,0.6,0.9,210,30
3415,980,3,2016-09-01,0.75,0.9,210,30
3416,980,4,2017-10-01,0.73,0.9,210,30
3417,981,1,2014-09-01,0.0,0.6,1,90
3418,981,2,2015-09-01,1.0,0.9,210,30
3419,981,3,2016-09-01,1.0,0.9,210,30
3420,981,4,2017-10-01,0.73,0.9,210,30
3421,982,1,2014-09-01,0.380952381,0.6,1,90
3422,982,2,2015-09-01,0.875,0.9,210,30
3423,982,3,2016-09-01,0.857142857,0.9,210,30
3424,982,4,2017-10-01,0.73,0.9,210,30
3425,983,1,2014-09-01,0.444444444,0.6,1,90
3426,983,2,2015-09-01,0.444444444,0.9,210,30
3427,983,3,2016-09-01,0.5,0.9,210,30
3428,983,4,2017-10-01,0.73,0.9,210,30
3429,984,1,2014-09-01,0.0,0.6,1,90
3430,984,2,2015-09-01,0.857142857,0.9,210,30
3431,985,1,2015-09-01,0.0,0.9,210,30
3432,985,2,2016-09-01,0.75,0.9,210,30
3433,985,3,2017-10-01,0.73,0.9,210,30
3434,986,1,2014-09-01,0.5,0.6,1,90
3435,986,2,2015-09-01,0.947368421,0.9,210,30
3436,986,3,2016-09-01,0.681818182,0.9,210,30
3437,986,4,2017-10-01,0.73,0.9,210,30
3438,987,1,2014-09-01,0.621212121,0.6,1,90
3439,987,2,2015-09-01,0.884615385,0.9,210,30
3440,987,3,2016-09-01,0.914285714,0.9,210,30
3441,987,4,2017-10-01,0.73,0.9,210,30
3442,988,1,2014-09-01,0.545454545,0.6,1,90
3443,988,2,2015-09-01,0.8666666670000001,0.9,210,30
3444,988,3,2016-09-01,0.333333333,0.9,210,30
3445,988,4,2017-10-01,0.73,0.9,210,30
3446,989,1,2014-09-01,0.432432432,0.6,1,90
3447,989,2,2015-09-01,0.75,0.9,210,30
3448,989,3,2016-09-01,0.520833333,0.9,210,30
3449,989,4,2017-10-01,0.73,0.9,210,30
3450,990,1,2014-09-01,0.409090909,0.6,1,90
3451,990,2,2015-09-01,0.6875,0.9,210,30
3452,990,3,2016-09-01,0.64516129,0.9,210,30
3453,990,4,2017-10-01,0.73,0.9,210,30
3454,992,1,2014-09-01,0.0,0.6,1,90
3455,992,2,2015-09-01,0.8,0.9,210,30
3456,992,3,2016-09-01,0.5,0.9,210,30
3457,992,4,2017-10-01,0.73,0.9,210,30
3458,993,1,2014-09-01,1.0,0.6,1,90
3459,993,2,2015-09-01,1.0,0.9,210,30
3460,993,3,2016-09-01,0.75,0.9,210,30
3461,993,4,2017-10-01,0.73,0.9,210,30
3462,994,1,2014-09-01,0.9,0.6,1,90
3463,994,2,2015-09-01,0.5625,0.9,210,30
3464,994,3,2016-09-01,0.7,0.9,210,30
3465,994,4,2017-10-01,0.73,0.9,210,30
3466,995,1,2014-09-01,1.0,0.6,1,90
3467,995,2,2015-09-01,1.0,0.9,210,30
3468,995,3,2016-09-01,1.0,0.9,210,30
3469,995,4,2017-10-01,0.73,0.9,210,30
3491,1002,1,2014-09-01,0.333333333,0.6,1,90
3492,1002,2,2015-09-01,1.0,0.9,210,30
3493,1002,3,2016-09-01,0.666666667,0.9,210,30
3494,1002,4,2017-10-01,0.73,0.9,210,30
3495,1003,1,2014-09-01,0.28571428600000004,0.6,1,90
3496,1003,2,2015-09-01,1.0,0.9,210,30
3497,1003,3,2016-09-01,1.0,0.9,210,30
3498,1003,4,2017-10-01,0.73,0.9,210,30
3499,1004,1,2014-09-01,0.6,0.6,1,90
3500,1004,2,2015-09-01,0.8888888890000001,0.9,210,30
3501,1004,3,2016-09-01,0.857142857,0.9,210,30
3502,1004,4,2017-10-01,0.73,0.9,210,30
3503,1005,1,2014-09-01,0.538461538,0.6,1,90
3504,1005,2,2015-09-01,0.75,0.9,210,30
3505,1005,3,2016-09-01,0.8235294120000001,0.9,210,30
3506,1005,4,2017-10-01,0.73,0.9,210,30
3507,1006,1,2014-09-01,0.551724138,0.6,1,90
3508,1006,2,2015-09-01,0.8611111109999999,0.9,210,30
3509,1006,3,2016-09-01,0.7419354840000001,0.9,210,30
3510,1006,4,2017-10-01,0.73,0.9,210,30
3511,1008,1,2014-09-01,0.576923077,0.6,1,90
3512,1008,2,2015-09-01,0.793103448,0.9,210,30
3513,1008,3,2016-09-01,0.7419354840000001,0.9,210,30
3514,1008,4,2017-10-01,0.73,0.9,210,30
3515,1009,1,2014-09-01,0.666666667,0.6,1,90
3516,1009,2,2015-09-01,1.0,0.9,210,30
3517,1009,3,2016-09-01,0.666666667,0.9,210,30
3518,1009,4,2017-10-01,0.73,0.9,210,30
3519,1010,1,2014-09-01,0.8,0.6,1,90
3520,1010,2,2015-09-01,0.8,0.9,210,30
3521,1010,3,2016-09-01,0.4,0.9,210,30
3522,1010,4,2017-10-01,0.73,0.9,210,30
3523,1011,1,2014-09-01,0.5,0.6,1,90
3524,1011,2,2015-09-01,0.875,0.9,210,30
3525,1011,3,2016-09-01,0.851851852,0.9,210,30
3526,1011,4,2017-10-01,0.73,0.9,210,30
3527,1012,1,2014-09-01,1.0,0.6,1,90
3528,1012,2,2015-09-01,1.0,0.9,210,30
3529,1012,3,2016-09-01,1.0,0.9,210,30
3530,1012,4,2017-10-01,0.73,0.9,210,30
3531,1013,1,2014-09-01,1.0,0.6,1,90
3532,1013,2,2015-09-01,1.0,0.9,210,30
3533,1013,3,2016-09-01,1.0,0.9,210,30
3534,1013,4,2017-10-01,0.73,0.9,210,30
3535,1014,1,2014-09-01,1.0,0.6,1,90
3536,1014,2,2015-09-01,1.0,0.9,210,30
3537,1014,3,2016-09-01,1.0,0.9,210,30
3538,1014,4,2017-10-01,0.73,0.9,210,30
3539,1015,1,2014-09-01,1.0,0.6,1,90
3540,1015,2,2015-09-01,1.0,0.9,210,30
3541,1015,3,2016-09-01,0.0,0.9,210,30
3542,1015,4,2017-10-01,0.73,0.9,210,30
3559,1020,1,2014-09-01,0.461538462,0.6,1,90
3560,1020,2,2015-09-01,0.964285714,0.9,210,30
3561,1020,3,2016-09-01,0.62962963,0.9,210,30
3562,1020,4,2017-10-01,0.73,0.9,210,30
3563,1021,1,2014-09-01,0.833333333,0.6,1,90
3564,1021,2,2015-09-01,0.625,0.9,210,30
3565,1021,3,2016-09-01,0.0,0.9,210,30
3566,1021,4,2017-10-01,0.73,0.9,210,30
3567,1022,1,2014-09-01,0.25,0.6,1,90
3568,1022,2,2015-09-01,0.928571429,0.9,210,30
3569,1022,3,2016-09-01,0.5,0.9,210,30
3570,1022,4,2017-10-01,0.73,0.9,210,30
3571,1023,1,2014-09-01,0.541666667,0.6,1,90
3572,1023,2,2015-09-01,0.815789474,0.9,210,30
3573,1023,3,2016-09-01,0.793103448,0.9,210,30
3574,1023,4,2017-10-01,0.73,0.9,210,30
3575,1026,1,2014-09-01,0.82,0.6,1,90
3576,1026,2,2015-09-01,0.938461538,0.9,210,30
3577,1026,3,2016-09-01,0.75862069,0.9,210,30
3578,1026,4,2017-10-01,0.73,0.9,210,30
3579,1027,1,2014-09-01,0.820895522,0.6,1,90
3580,1027,2,2015-09-01,0.886792453,0.9,210,30
3581,1027,3,2016-09-01,0.8214285709999999,0.9,210,30
3582,1027,4,2017-10-01,0.73,0.9,210,30
3583,1028,1,2014-09-01,1.0,0.6,1,90
3584,1028,2,2015-09-01,0.5,0.9,210,30
3585,1028,3,2016-09-01,0.0,0.9,210,30
3586,1028,4,2017-10-01,0.73,0.9,210,30
3587,1029,1,2014-09-01,1.0,0.6,1,90
3588,1029,2,2015-09-01,1.0,0.9,210,30
3589,1029,3,2016-09-01,1.0,0.9,210,30
3590,1029,4,2017-10-01,0.73,0.9,210,30
3591,1030,1,2016-09-01,0.0,0.9,210,30
3592,1030,2,2017-10-01,0.73,0.9,210,30
3604,1036,1,2014-09-01,0.583333333,0.6,1,90
3605,1036,2,2015-09-01,0.666666667,0.9,210,30
3606,1036,3,2016-09-01,0.818181818,0.9,210,30
3607,1036,4,2017-10-01,0.73,0.9,210,30
3608,1037,1,2014-09-01,0.549295775,0.6,1,90
3609,1037,2,2015-09-01,0.967391304,0.9,210,30
3610,1037,3,2016-09-01,0.727272727,0.9,210,30
3611,1037,4,2017-10-01,0.73,0.9,210,30
3612,1038,1,2014-09-01,0.6,0.6,1,90
3613,1038,2,2015-09-01,0.615384615,0.9,210,30
3614,1038,3,2016-09-01,0.916666667,0.9,210,30
3615,1038,4,2017-10-01,0.73,0.9,210,30
3616,1039,1,2014-09-01,0.588235294,0.6,1,90
3617,1039,2,2015-09-01,0.84,0.9,210,30
3618,1039,3,2016-09-01,0.85106383,0.9,210,30
3619,1039,4,2017-10-01,0.73,0.9,210,30
3620,1040,1,2014-09-01,0.25,0.6,1,90
3621,1040,2,2015-09-01,1.0,0.9,210,30
3622,1040,3,2016-09-01,0.8,0.9,210,30
3623,1040,4,2017-10-01,0.73,0.9,210,30
3624,1043,1,2014-09-01,0.941176471,0.6,1,90
3625,1043,2,2015-09-01,0.925925926,0.9,210,30
3626,1043,3,2016-09-01,0.523809524,0.9,210,30
3627,1043,4,2017-10-01,0.73,0.9,210,30
3628,1044,1,2014-09-01,1.0,0.6,1,90
3629,1044,2,2015-09-01,1.0,0.9,210,30
3630,1044,3,2016-09-01,1.0,0.9,210,30
3631,1044,4,2017-10-01,0.73,0.9,210,30
3632,1045,1,2014-09-01,0.0,0.6,1,90
3633,1045,2,2015-09-01,1.0,0.9,210,30
3634,1045,3,2016-09-01,0.0,0.9,210,30
3635,1045,4,2017-10-01,0.73,0.9,210,30
3636,1046,1,2014-09-01,0.5,0.6,1,90
3637,1046,2,2015-09-01,0.833333333,0.9,210,30
3638,1046,3,2016-09-01,0.4,0.9,210,30
3639,1046,4,2017-10-01,0.73,0.9,210,30
3640,1047,1,2014-09-01,1.0,0.6,1,90
3641,1047,2,2015-09-01,1.0,0.9,210,30
3642,1047,3,2016-09-01,0.5,0.9,210,30
3643,1047,4,2017-10-01,0.73,0.9,210,30
3644,1048,1,2014-09-01,1.0,0.6,1,90
3645,1048,2,2015-09-01,1.0,0.9,210,30
3646,1048,3,2016-09-01,0.0,0.9,210,30
3647,1048,4,2017-10-01,0.73,0.9,210,30
3648,1049,1,2014-09-01,0.0,0.6,1,90
3649,1049,2,2015-09-01,0.0,0.9,210,30
3662,1054,1,2014-09-01,0.324324324,0.6,1,90
3663,1054,2,2015-09-01,0.825,0.9,210,30
3664,1054,3,2016-09-01,0.7692307690000001,0.9,210,30
3665,1054,4,2017-10-01,0.73,0.9,210,30
3666,1055,1,2014-09-01,0.5,0.6,1,90
3667,1055,2,2015-09-01,0.7758620690000001,0.9,210,30
3668,1055,3,2016-09-01,0.76,0.9,210,30
3669,1055,4,2017-10-01,0.73,0.9,210,30
3670,1059,1,2014-09-01,0.75,0.6,1,90
3671,1059,2,2015-09-01,1.0,0.9,210,30
3672,1059,3,2016-09-01,0.5,0.9,210,30
3673,1059,4,2017-10-01,0.73,0.9,210,30
3674,1060,1,2014-09-01,0.7692307690000001,0.6,1,90
3675,1060,2,2015-09-01,0.857142857,0.9,210,30
3676,1060,3,2016-09-01,0.75,0.9,210,30
3677,1060,4,2017-10-01,0.73,0.9,210,30
3690,1064,1,2014-09-01,0.5555555560000001,0.6,1,90
3691,1064,2,2015-09-01,0.7,0.9,210,30
3692,1064,3,2016-09-01,0.545454545,0.9,210,30
3693,1064,4,2017-10-01,0.73,0.9,210,30
3694,1067,1,2014-09-01,1.0,0.6,1,90
3695,1067,2,2015-09-01,1.0,0.9,210,30
3696,1067,3,2016-09-01,0.75,0.9,210,30
3697,1067,4,2017-10-01,0.73,0.9,210,30
3698,1068,1,2016-09-01,0.0,0.9,210,30
3699,1068,2,2017-10-01,0.73,0.9,210,30
3700,1069,1,2016-09-01,0.0,0.9,210,30
3701,1069,2,2017-10-01,0.73,0.9,210,30
3714,1079,1,2014-09-01,1.0,0.6,1,90
3715,1079,2,2015-09-01,1.0,0.9,210,30
3716,1079,3,2016-09-01,0.0,0.9,210,30
3717,1079,4,2017-10-01,0.73,0.9,210,30
3718,1080,1,2015-09-01,1.0,0.9,210,30
3719,1081,1,2014-09-01,0.5,0.6,1,90
3720,1081,2,2015-09-01,0.833333333,0.9,210,30
3721,1081,3,2016-09-01,1.0,0.9,210,30
3722,1081,4,2017-10-01,0.73,0.9,210,30
3738,1089,1,2014-09-01,0.75,0.6,1,90
3739,1089,2,2015-09-01,0.947368421,0.9,210,30
3740,1089,3,2016-09-01,0.466666667,0.9,210,30
3741,1089,4,2017-10-01,0.73,0.9,210,30
3742,1090,1,2014-09-01,0.461538462,0.6,1,90
3743,1090,2,2015-09-01,0.833333333,0.9,210,30
3744,1090,3,2016-09-01,0.590909091,0.9,210,30
3745,1090,4,2017-10-01,0.73,0.9,210,30
3746,1091,1,2014-09-01,0.5,0.6,1,90
3747,1091,2,2015-09-01,0.965517241,0.9,210,30
3748,1091,3,2016-09-01,0.833333333,0.9,210,30
3749,1091,4,2017-10-01,0.73,0.9,210,30
3750,1092,1,2015-09-01,0.0,0.9,210,30
3751,1092,2,2016-09-01,0.0,0.9,210,30
3752,1092,3,2017-10-01,0.73,0.9,210,30
3766,1105,1,2015-09-01,1.0,0.9,210,30
3767,1105,2,2016-09-01,1.0,0.9,210,30
3768,1105,3,2017-10-01,0.73,0.9,210,30
3769,1106,1,2014-09-01,0.8,0.6,1,90
3770,1106,2,2015-09-01,0.981481481,0.9,210,30
3771,1106,3,2016-09-01,0.566666667,0.9,210,30
3772,1106,4,2017-10-01,0.73,0.9,210,30
3773,1107,1,2015-09-01,1.0,0.9,210,30
3774,1107,2,2016-09-01,0.5,0.9,210,30
3775,1107,3,2017-10-01,0.73,0.9,210,30
3785,1118,1,2015-09-01,1.0,0.9,210,30
3786,1118,2,2016-09-01,0.0,0.9,210,30
3787,1118,3,2017-10-01,0.73,0.9,210,30
3788,1119,1,2014-09-01,1.0,0.6,1,90
3789,1119,2,2015-09-01,1.0,0.9,210,30
3790,1119,3,2016-09-01,1.0,0.9,210,30
3791,1119,4,2017-10-01,0.73,0.9,210,30
3792,1120,1,2014-09-01,0.5,0.6,1,90
3793,1120,2,2015-09-01,0.833333333,0.9,210,30
3794,1120,3,2016-09-01,0.818181818,0.9,210,30
3795,1120,4,2017-10-01,0.73,0.9,210,30
3808,1128,1,2015-09-01,0.0,0.9,210,30
3809,1128,2,2016-09-01,0.0,0.9,210,30
3810,1128,3,2017-10-01,0.73,0.9,210,30
3833,1142,1,2015-09-01,0.6,0.9,210,30
3834,1142,2,2016-09-01,1.0,0.9,210,30
3835,1142,3,2017-10-01,0.73,0.9,210,30
3856,1154,1,2014-09-01,1.0,0.6,1,90
3857,1154,2,2015-09-01,0.84,0.9,210,30
3858,1154,3,2016-09-01,0.8,0.9,210,30
3859,1154,4,2017-10-01,0.73,0.9,210,30
3860,1155,1,2014-09-01,1.0,0.6,1,90
3861,1155,2,2015-09-01,1.0,0.9,210,30
3862,1155,3,2016-09-01,1.0,0.9,210,30
3863,1155,4,2017-10-01,0.73,0.9,210,30
3888,1168,1,2014-09-01,1.0,0.6,1,90
3889,1168,2,2015-09-01,0.5,0.9,210,30
3890,1168,3,2016-09-01,0.625,0.9,210,30
3891,1168,4,2017-10-01,0.73,0.9,210,30
3892,1169,1,2014-09-01,1.0,0.6,1,90
3893,1169,2,2015-09-01,1.0,0.9,210,30
3894,1169,3,2016-09-01,1.0,0.9,210,30
3895,1169,4,2017-10-01,0.73,0.9,210,30
3933,1187,1,2014-09-01,0.333333333,0.6,1,90
3934,1187,2,2015-09-01,0.833333333,0.9,210,30
3935,1187,3,2016-09-01,0.333333333,0.9,210,30
3936,1187,4,2017-10-01,0.73,0.9,210,30
3937,1188,1,2015-09-01,1.0,0.9,210,30
3938,1188,2,2016-09-01,1.0,0.9,210,30
3939,1188,3,2017-10-01,0.73,0.9,210,30
3980,1205,1,2014-09-01,1.0,0.6,1,90
3981,1205,2,2015-09-01,1.0,0.9,210,30
3982,1205,3,2016-09-01,1.0,0.9,210,30
3983,1205,4,2017-10-01,0.73,0.9,210,30
3984,1206,1,2014-09-01,0.833333333,0.6,1,90
3985,1206,2,2015-09-01,1.0,0.9,210,30
3986,1206,3,2016-09-01,1.0,0.9,210,30
3987,1206,4,2017-10-01,0.73,0.9,210,30
